{
	"textures": {
		"0": "animated_java:blueprint/bookanimation/devilbook",
		"particle": "minecraft:item/pufferfish"
	},
	"display": {
		"head": {
			"rotation": [0, 180, 0]
		}
	},
	"elements": [
		{
			"from": [8, 4, 7.5],
			"to": [15, 13, 9],
			"rotation": {
				"angle": 0,
				"axis": "y",
				"origin": [15, 4, 5]
			},
			"faces": {
				"north": {
					"uv": [0, 0, 3.5, 4.5],
					"texture": "#0"
				},
				"east": {
					"uv": [7, 0, 8, 4.5],
					"texture": "#0"
				},
				"south": {
					"uv": [3.5, 0, 7, 4.5],
					"texture": "#0"
				},
				"west": {
					"uv": [7, 4.5, 8, 9],
					"texture": "#0"
				},
				"up": {
					"uv": [3.5, 10, 0, 9],
					"texture": "#0"
				},
				"down": {
					"uv": [12.5, 0, 9, 1],
					"texture": "#0"
				}
			}
		}
	]
}