{
	"textures": {
		"2": "animated_java:blueprint/bookanimation/red_light_book",
		"particle": "minecraft:item/pufferfish"
	},
	"display": {
		"head": {
			"rotation": [0, 180, 0]
		}
	},
	"elements": [
		{
			"from": [7.31429, 8, 7.31429],
			"to": [8, 32, 8],
			"rotation": {
				"angle": 0,
				"axis": "y",
				"origin": [8, 8, 8]
			},
			"faces": {
				"north": {
					"uv": [0, 0, 0.25, 8.75],
					"texture": "#2"
				},
				"east": {
					"uv": [0.25, 0, 0.5, 8.75],
					"texture": "#2"
				},
				"south": {
					"uv": [0.5, 0, 0.75, 8.75],
					"texture": "#2"
				},
				"west": {
					"uv": [0.75, 0, 1, 8.75],
					"texture": "#2"
				},
				"up": {
					"uv": [1.25, 0.25, 1, 0],
					"texture": "#2"
				},
				"down": {
					"uv": [1.25, 0.25, 1, 0.5],
					"texture": "#2"
				}
			}
		}
	]
}