{
	"textures": {
		"0": "animated_java:blueprint/tpanim/teleport_anim",
		"particle": "minecraft:item/pufferfish"
	},
	"display": {
		"head": {
			"rotation": [0, 180, 0]
		}
	},
	"elements": [
		{
			"from": [-16, 8, -8],
			"to": [0, 9.77778, -8],
			"rotation": {
				"angle": 0,
				"axis": "y",
				"origin": [-8, 8, -7.11111]
			},
			"faces": {
				"north": {
					"uv": [4.5, 3, 9, 3.5],
					"texture": "#0"
				},
				"east": {
					"uv": [0, 0, 0, 0.5],
					"texture": "#0"
				},
				"south": {
					"uv": [4.5, 3.5, 9, 4],
					"texture": "#0"
				},
				"west": {
					"uv": [0, 0, 0, 0.5],
					"texture": "#0"
				},
				"up": {
					"uv": [4.5, 0, 0, 0],
					"texture": "#0"
				},
				"down": {
					"uv": [4.5, 0, 0, 0],
					"texture": "#0"
				}
			}
		},
		{
			"from": [-16, 8, 8],
			"to": [0, 9.77778, 8],
			"rotation": {
				"angle": 0,
				"axis": "y",
				"origin": [-8, 8, 8.88889]
			},
			"faces": {
				"north": {
					"uv": [4.5, 4, 9, 4.5],
					"texture": "#0"
				},
				"east": {
					"uv": [0, 0, 0, 0.5],
					"texture": "#0"
				},
				"south": {
					"uv": [4.5, 4.5, 9, 5],
					"texture": "#0"
				},
				"west": {
					"uv": [0, 0, 0, 0.5],
					"texture": "#0"
				},
				"up": {
					"uv": [4.5, 0, 0, 0],
					"texture": "#0"
				},
				"down": {
					"uv": [4.5, 0, 0, 0],
					"texture": "#0"
				}
			}
		},
		{
			"from": [-16, 8, -8],
			"to": [-16, 9.77778, 8],
			"rotation": {
				"angle": 0,
				"axis": "y",
				"origin": [-8, 8, 8]
			},
			"faces": {
				"north": {
					"uv": [0, 0, 0, 0.5],
					"texture": "#0"
				},
				"east": {
					"uv": [0, 5, 4.5, 5.5],
					"texture": "#0"
				},
				"south": {
					"uv": [0, 0, 0, 0.5],
					"texture": "#0"
				},
				"west": {
					"uv": [4.5, 5, 9, 5.5],
					"texture": "#0"
				},
				"up": {
					"uv": [0, 4.5, 0, 0],
					"texture": "#0"
				},
				"down": {
					"uv": [0, 0, 0, 4.5],
					"texture": "#0"
				}
			}
		},
		{
			"from": [0, 8, -8],
			"to": [0, 9.77778, 8],
			"rotation": {
				"angle": 0,
				"axis": "y",
				"origin": [8, 8, 8]
			},
			"faces": {
				"north": {
					"uv": [0, 0, 0, 0.5],
					"texture": "#0"
				},
				"east": {
					"uv": [0, 5.5, 4.5, 6],
					"texture": "#0"
				},
				"south": {
					"uv": [0, 0, 0, 0.5],
					"texture": "#0"
				},
				"west": {
					"uv": [4.5, 5.5, 9, 6],
					"texture": "#0"
				},
				"up": {
					"uv": [0, 4.5, 0, 0],
					"texture": "#0"
				},
				"down": {
					"uv": [0, 0, 0, 4.5],
					"texture": "#0"
				}
			}
		}
	]
}