{
	"textures": {
		"0": "animated_java:blueprint/tpanim/teleport_anim",
		"particle": "minecraft:item/pufferfish"
	},
	"display": {
		"head": {
			"rotation": [0, 180, 0]
		}
	},
	"elements": [
		{
			"from": [17, 8, -10],
			"to": [17, 10, 8],
			"rotation": {
				"angle": 0,
				"axis": "y",
				"origin": [26, 8, 8]
			},
			"faces": {
				"north": {
					"uv": [0, 0, 0, 0.5],
					"texture": "#0"
				},
				"east": {
					"uv": [0, 3, 4.5, 3.5],
					"texture": "#0"
				},
				"south": {
					"uv": [0, 0, 0, 0.5],
					"texture": "#0"
				},
				"west": {
					"uv": [0, 3.5, 4.5, 4],
					"texture": "#0"
				},
				"up": {
					"uv": [0, 4.5, 0, 0],
					"texture": "#0"
				},
				"down": {
					"uv": [0, 0, 0, 4.5],
					"texture": "#0"
				}
			}
		},
		{
			"from": [-1, 8, 8],
			"to": [17, 10, 8],
			"rotation": {
				"angle": 0,
				"axis": "y",
				"origin": [8, 8, 9]
			},
			"faces": {
				"north": {
					"uv": [0, 1, 4.5, 1.5],
					"texture": "#0"
				},
				"east": {
					"uv": [0, 0, 0, 0.5],
					"texture": "#0"
				},
				"south": {
					"uv": [0, 1.5, 4.5, 2],
					"texture": "#0"
				},
				"west": {
					"uv": [0, 0, 0, 0.5],
					"texture": "#0"
				},
				"up": {
					"uv": [4.5, 0, 0, 0],
					"texture": "#0"
				},
				"down": {
					"uv": [4.5, 0, 0, 0],
					"texture": "#0"
				}
			}
		},
		{
			"from": [-1, 8, -10],
			"to": [17, 10, -10],
			"rotation": {
				"angle": 0,
				"axis": "y",
				"origin": [8, 8, -9]
			},
			"faces": {
				"north": {
					"uv": [0, 0, 4.5, 0.5],
					"texture": "#0"
				},
				"east": {
					"uv": [0, 0, 0, 0.5],
					"texture": "#0"
				},
				"south": {
					"uv": [0, 0.5, 4.5, 1],
					"texture": "#0"
				},
				"west": {
					"uv": [0, 0, 0, 0.5],
					"texture": "#0"
				},
				"up": {
					"uv": [4.5, 0, 0, 0],
					"texture": "#0"
				},
				"down": {
					"uv": [4.5, 0, 0, 0],
					"texture": "#0"
				}
			}
		},
		{
			"from": [-1, 8, -10],
			"to": [-1, 10, 8],
			"rotation": {
				"angle": 0,
				"axis": "y",
				"origin": [8, 8, 8]
			},
			"faces": {
				"north": {
					"uv": [0, 0, 0, 0.5],
					"texture": "#0"
				},
				"east": {
					"uv": [0, 2, 4.5, 2.5],
					"texture": "#0"
				},
				"south": {
					"uv": [0, 0, 0, 0.5],
					"texture": "#0"
				},
				"west": {
					"uv": [0, 2.5, 4.5, 3],
					"texture": "#0"
				},
				"up": {
					"uv": [0, 4.5, 0, 0],
					"texture": "#0"
				},
				"down": {
					"uv": [0, 0, 0, 4.5],
					"texture": "#0"
				}
			}
		}
	]
}