{
	"textures": {
		"0": "animated_java:blueprint/candy/candy_anim",
		"particle": "minecraft:item/pufferfish"
	},
	"display": {
		"head": {
			"rotation": [0, 180, 0]
		}
	},
	"elements": [
		{
			"from": [17, 8, 8],
			"to": [18, 9, 9],
			"rotation": {
				"angle": 0,
				"axis": "y",
				"origin": [18, 8, 8]
			},
			"faces": {
				"north": {
					"uv": [0, 6, 1, 7],
					"texture": "#0"
				},
				"east": {
					"uv": [6, 0, 7, 1],
					"texture": "#0"
				},
				"south": {
					"uv": [1, 6, 2, 7],
					"texture": "#0"
				},
				"west": {
					"uv": [6, 1, 7, 2],
					"texture": "#0"
				},
				"up": {
					"uv": [3, 7, 2, 6],
					"texture": "#0"
				},
				"down": {
					"uv": [7, 2, 6, 3],
					"texture": "#0"
				}
			}
		}
	]
}