{
	"textures": {
		"0": "animated_java:blueprint/candy/candy_anim",
		"particle": "minecraft:item/pufferfish"
	},
	"display": {
		"head": {
			"rotation": [0, 180, 0]
		}
	},
	"elements": [
		{
			"from": [19, 8, 9],
			"to": [20, 9, 10],
			"rotation": {
				"angle": 0,
				"axis": "y",
				"origin": [20, 8, 9]
			},
			"faces": {
				"north": {
					"uv": [6, 6, 7, 7],
					"texture": "#0"
				},
				"east": {
					"uv": [0, 7, 1, 8],
					"texture": "#0"
				},
				"south": {
					"uv": [7, 0, 8, 1],
					"texture": "#0"
				},
				"west": {
					"uv": [1, 7, 2, 8],
					"texture": "#0"
				},
				"up": {
					"uv": [8, 2, 7, 1],
					"texture": "#0"
				},
				"down": {
					"uv": [3, 7, 2, 8],
					"texture": "#0"
				}
			}
		}
	]
}