{
	"textures": {
		"1": "animated_java:blueprint/candy/candy_anim2",
		"particle": "minecraft:item/pufferfish"
	},
	"display": {
		"head": {
			"rotation": [0, 180, 0]
		}
	},
	"elements": [
		{
			"from": [9, 8, 7.5],
			"to": [19, 9.5, 9],
			"rotation": {
				"angle": 0,
				"axis": "y",
				"origin": [18, 8, 8]
			},
			"faces": {
				"north": {
					"uv": [0, 0, 10, 2],
					"texture": "#1"
				},
				"east": {
					"uv": [0, 8, 2, 10],
					"texture": "#1"
				},
				"south": {
					"uv": [0, 2, 10, 4],
					"texture": "#1"
				},
				"west": {
					"uv": [2, 8, 4, 10],
					"texture": "#1"
				},
				"up": {
					"uv": [10, 6, 0, 4],
					"texture": "#1"
				},
				"down": {
					"uv": [10, 6, 0, 8],
					"texture": "#1"
				}
			}
		}
	]
}