{
	"textures": {
		"0": "animated_java:blueprint/candy/candy_anim",
		"particle": "minecraft:item/pufferfish"
	},
	"display": {
		"head": {
			"rotation": [0, 180, 0]
		}
	},
	"elements": [
		{
			"from": [16, 8, 8],
			"to": [17, 9, 9],
			"rotation": {
				"angle": 0,
				"axis": "y",
				"origin": [17, 8, 8]
			},
			"faces": {
				"north": {
					"uv": [7, 2, 8, 3],
					"texture": "#0"
				},
				"east": {
					"uv": [3, 7, 4, 8],
					"texture": "#0"
				},
				"south": {
					"uv": [7, 3, 8, 4],
					"texture": "#0"
				},
				"west": {
					"uv": [4, 7, 5, 8],
					"texture": "#0"
				},
				"up": {
					"uv": [8, 5, 7, 4],
					"texture": "#0"
				},
				"down": {
					"uv": [6, 7, 5, 8],
					"texture": "#0"
				}
			}
		}
	]
}