{
	"textures": {
		"0": "animated_java:blueprint/firework_animation/firework_rocket",
		"particle": "minecraft:item/pufferfish"
	},
	"display": {
		"head": {
			"rotation": [0, 180, 0]
		}
	},
	"elements": [
		{
			"from": [0, 8, 8],
			"to": [5, 18, 8],
			"rotation": {
				"angle": -22.5,
				"axis": "x",
				"origin": [8, 8, 8]
			},
			"faces": {
				"north": {
					"uv": [5, 0, 13, 16],
					"texture": "#0"
				},
				"east": {
					"uv": [0, 0, 0, 8],
					"texture": "#0"
				},
				"south": {
					"uv": [13, 0, 5, 16],
					"texture": "#0"
				},
				"west": {
					"uv": [0, 0, 0, 8],
					"texture": "#0"
				},
				"up": {
					"uv": [0, 0, 0, 4],
					"rotation": 90,
					"texture": "#0"
				},
				"down": {
					"uv": [0, 0, 0, 4],
					"rotation": 270,
					"texture": "#0"
				}
			}
		}
	]
}