{
	"textures": {
		"1": "animated_java:blueprint/firework_animation/black_ten",
		"2": "animated_java:blueprint/firework_animation/firework_box",
		"particle": "minecraft:item/pufferfish"
	},
	"display": {
		"head": {
			"rotation": [0, 180, 0]
		}
	},
	"elements": [
		{
			"from": [1, 0, 3],
			"to": [15, 7, 4],
			"rotation": {
				"angle": 0,
				"axis": "y",
				"origin": [2, 0, 3]
			},
			"faces": {
				"north": {
					"uv": [4.25, 0, 7.75, 1.75],
					"texture": "#2"
				},
				"east": {
					"uv": [4, 3.5, 6.5, 5.25],
					"texture": "#2"
				},
				"south": {
					"uv": [4, 1.75, 8, 3.5],
					"texture": "#2"
				},
				"west": {
					"uv": [0, 5, 2.5, 6.75],
					"texture": "#2"
				},
				"up": {
					"uv": [4, 0.25, 0, 0],
					"texture": "#2"
				},
				"down": {
					"uv": [4, 4.75, 0, 5],
					"texture": "#2"
				}
			}
		},
		{
			"from": [1, 0, 12],
			"to": [15, 7, 13],
			"rotation": {
				"angle": 0,
				"axis": "y",
				"origin": [2, 0, 12]
			},
			"faces": {
				"north": {
					"uv": [4, 0, 8, 1.75],
					"texture": "#2"
				},
				"east": {
					"uv": [4, 3.5, 6.5, 5.25],
					"texture": "#2"
				},
				"south": {
					"uv": [4.25, 1.75, 7.75, 3.5],
					"texture": "#2"
				},
				"west": {
					"uv": [0, 5, 2.5, 6.75],
					"texture": "#2"
				},
				"up": {
					"uv": [4, 2.5, 0, 2.25],
					"texture": "#2"
				},
				"down": {
					"uv": [4, 2.5, 0, 2.75],
					"texture": "#2"
				}
			}
		},
		{
			"from": [1, 0, 4],
			"to": [15, 3, 12],
			"rotation": {
				"angle": 0,
				"axis": "y",
				"origin": [2, 0, 11]
			},
			"faces": {
				"north": {
					"uv": [4, 0, 8, 1.75],
					"texture": "#2"
				},
				"east": {
					"uv": [4, 3.5, 6.5, 5.25],
					"texture": "#2"
				},
				"south": {
					"uv": [4, 1.75, 8, 3.5],
					"texture": "#2"
				},
				"west": {
					"uv": [0, 5, 2.5, 6.75],
					"texture": "#2"
				},
				"up": {
					"uv": [4, 2.5, 0, 0],
					"texture": "#2"
				},
				"down": {
					"uv": [3.75, 2.75, 0.25, 4.75],
					"texture": "#2"
				}
			}
		},
		{
			"from": [1, 5, 4],
			"to": [15, 5, 12],
			"rotation": {
				"angle": 0,
				"axis": "y",
				"origin": [2, 2, 11]
			},
			"faces": {
				"north": {
					"uv": [0, 0, 14, 0],
					"texture": "#1"
				},
				"east": {
					"uv": [0, 0, 8, 0],
					"texture": "#1"
				},
				"south": {
					"uv": [0, 0, 14, 0],
					"texture": "#1"
				},
				"west": {
					"uv": [0, 0, 8, 0],
					"texture": "#1"
				},
				"up": {
					"uv": [14, 8, 0, 0],
					"texture": "#1"
				},
				"down": {
					"uv": [14, 8, 0, 16],
					"texture": "#1"
				}
			}
		},
		{
			"from": [15, 0, 3],
			"to": [16, 7, 13],
			"rotation": {
				"angle": 0,
				"axis": "y",
				"origin": [2, 0, 11]
			},
			"faces": {
				"north": {
					"uv": [7.75, 0.25, 8, 1.75],
					"texture": "#2"
				},
				"east": {
					"uv": [4, 3.5, 6.5, 5.25],
					"texture": "#2"
				},
				"south": {
					"uv": [7.75, 1.75, 8, 3.5],
					"texture": "#2"
				},
				"west": {
					"uv": [0, 5, 2.5, 6.75],
					"texture": "#2"
				},
				"up": {
					"uv": [0.25, 2.5, 0, 0],
					"texture": "#2"
				},
				"down": {
					"uv": [0.25, 2.5, 0, 5],
					"texture": "#2"
				}
			}
		},
		{
			"from": [0, 0, 3],
			"to": [1, 7, 13],
			"rotation": {
				"angle": 0,
				"axis": "y",
				"origin": [-13, 0, 11]
			},
			"faces": {
				"north": {
					"uv": [4, 0, 4.25, 1.75],
					"texture": "#2"
				},
				"east": {
					"uv": [4, 3.5, 6.5, 5.25],
					"texture": "#2"
				},
				"south": {
					"uv": [4, 1.75, 4.25, 3.5],
					"texture": "#2"
				},
				"west": {
					"uv": [0, 5, 2.5, 6.75],
					"texture": "#2"
				},
				"up": {
					"uv": [4, 2.5, 3.75, 0],
					"texture": "#2"
				},
				"down": {
					"uv": [4, 2.75, 3.75, 5],
					"texture": "#2"
				}
			}
		},
		{
			"from": [0, 9.65, 13.425],
			"to": [16, 9.65, 17.425],
			"rotation": {
				"angle": 22.5,
				"axis": "x",
				"origin": [2, 9.65, 6.425]
			},
			"faces": {
				"north": {
					"uv": [0, 0, 4, 0],
					"texture": "#2"
				},
				"east": {
					"uv": [0, 0, 1, 0],
					"texture": "#2"
				},
				"south": {
					"uv": [0, 0, 4, 0],
					"texture": "#2"
				},
				"west": {
					"uv": [0, 0, 1, 0],
					"texture": "#2"
				},
				"up": {
					"uv": [6.5, 6.25, 2.5, 5.25],
					"texture": "#2"
				},
				"down": {
					"uv": [6.5, 6.25, 2.5, 7.25],
					"texture": "#2"
				}
			}
		},
		{
			"from": [0, 3.15, -0.175],
			"to": [16, 3.15, 3.825],
			"rotation": {
				"angle": -22.5,
				"axis": "x",
				"origin": [2, 3.15, -6.175]
			},
			"faces": {
				"north": {
					"uv": [0, 0, 4, 0],
					"texture": "#2"
				},
				"east": {
					"uv": [0, 0, 1, 0],
					"texture": "#2"
				},
				"south": {
					"uv": [0, 0, 4, 0],
					"texture": "#2"
				},
				"west": {
					"uv": [0, 0, 1, 0],
					"texture": "#2"
				},
				"up": {
					"uv": [10.5, 4.5, 6.5, 3.5],
					"texture": "#2"
				},
				"down": {
					"uv": [10.5, 4.5, 6.5, 5.5],
					"texture": "#2"
				}
			}
		}
	]
}