{
	"textures": {
		"0": "animated_java:blueprint/table_animation/pills",
		"particle": "minecraft:item/pufferfish"
	},
	"display": {
		"head": {
			"rotation": [0, 180, 0]
		}
	},
	"elements": [
		{
			"from": [5, 7.875, 9],
			"to": [10, 8, 18],
			"rotation": {
				"angle": 0,
				"axis": "y",
				"origin": [7, 7.875, 13]
			},
			"faces": {
				"north": {
					"uv": [0, 11, 2.5, 11.5],
					"texture": "#0"
				},
				"east": {
					"uv": [10, 5, 14.5, 5.5],
					"texture": "#0"
				},
				"south": {
					"uv": [2.5, 11, 5, 11.5],
					"texture": "#0"
				},
				"west": {
					"uv": [10, 5.5, 14.5, 6],
					"texture": "#0"
				},
				"up": {
					"uv": [2.5, 4.5, 0, 0],
					"rotation": 180,
					"texture": "#0"
				},
				"down": {
					"uv": [5, 0, 2.5, 4.5],
					"texture": "#0"
				}
			}
		},
		{
			"from": [6, 8, 16],
			"to": [7, 8.25, 17],
			"rotation": {
				"angle": 0,
				"axis": "y",
				"origin": [4, 8, 14]
			},
			"faces": {
				"north": {
					"uv": [13.5, 2.5, 14, 3],
					"texture": "#0"
				},
				"east": {
					"uv": [3, 13.5, 3.5, 14],
					"texture": "#0"
				},
				"south": {
					"uv": [13.5, 3, 14, 3.5],
					"texture": "#0"
				},
				"west": {
					"uv": [3.5, 13.5, 4, 14],
					"texture": "#0"
				},
				"up": {
					"uv": [14, 4, 13.5, 3.5],
					"texture": "#0"
				},
				"down": {
					"uv": [4.5, 13.5, 4, 14],
					"texture": "#0"
				}
			}
		},
		{
			"from": [6, 8, 14],
			"to": [7, 8.25, 15],
			"rotation": {
				"angle": 0,
				"axis": "y",
				"origin": [4, 8, 12]
			},
			"faces": {
				"north": {
					"uv": [13.5, 1, 14, 1.5],
					"texture": "#0"
				},
				"east": {
					"uv": [1.5, 13.5, 2, 14],
					"texture": "#0"
				},
				"south": {
					"uv": [13.5, 1.5, 14, 2],
					"texture": "#0"
				},
				"west": {
					"uv": [2, 13.5, 2.5, 14],
					"texture": "#0"
				},
				"up": {
					"uv": [14, 2.5, 13.5, 2],
					"texture": "#0"
				},
				"down": {
					"uv": [3, 13.5, 2.5, 14],
					"texture": "#0"
				}
			}
		},
		{
			"from": [6, 8, 12],
			"to": [7, 8.25, 13],
			"rotation": {
				"angle": 0,
				"axis": "y",
				"origin": [4, 8, 10]
			},
			"faces": {
				"north": {
					"uv": [13, 13, 13.5, 13.5],
					"texture": "#0"
				},
				"east": {
					"uv": [0, 13.5, 0.5, 14],
					"texture": "#0"
				},
				"south": {
					"uv": [13.5, 0, 14, 0.5],
					"texture": "#0"
				},
				"west": {
					"uv": [0.5, 13.5, 1, 14],
					"texture": "#0"
				},
				"up": {
					"uv": [14, 1, 13.5, 0.5],
					"texture": "#0"
				},
				"down": {
					"uv": [1.5, 13.5, 1, 14],
					"texture": "#0"
				}
			}
		},
		{
			"from": [6, 8, 10],
			"to": [7, 8.25, 11],
			"rotation": {
				"angle": 0,
				"axis": "y",
				"origin": [4, 8, 8]
			},
			"faces": {
				"north": {
					"uv": [11.5, 13, 12, 13.5],
					"texture": "#0"
				},
				"east": {
					"uv": [13, 11.5, 13.5, 12],
					"texture": "#0"
				},
				"south": {
					"uv": [12, 13, 12.5, 13.5],
					"texture": "#0"
				},
				"west": {
					"uv": [13, 12, 13.5, 12.5],
					"texture": "#0"
				},
				"up": {
					"uv": [13, 13.5, 12.5, 13],
					"texture": "#0"
				},
				"down": {
					"uv": [13.5, 12.5, 13, 13],
					"texture": "#0"
				}
			}
		},
		{
			"from": [8, 8, 16],
			"to": [9, 8.25, 17],
			"rotation": {
				"angle": 0,
				"axis": "y",
				"origin": [6, 8, 14]
			},
			"faces": {
				"north": {
					"uv": [10, 13, 10.5, 13.5],
					"texture": "#0"
				},
				"east": {
					"uv": [13, 10, 13.5, 10.5],
					"texture": "#0"
				},
				"south": {
					"uv": [10.5, 13, 11, 13.5],
					"texture": "#0"
				},
				"west": {
					"uv": [13, 10.5, 13.5, 11],
					"texture": "#0"
				},
				"up": {
					"uv": [11.5, 13.5, 11, 13],
					"texture": "#0"
				},
				"down": {
					"uv": [13.5, 11, 13, 11.5],
					"texture": "#0"
				}
			}
		},
		{
			"from": [8, 8, 14],
			"to": [9, 8.25, 15],
			"rotation": {
				"angle": 0,
				"axis": "y",
				"origin": [6, 8, 12]
			},
			"faces": {
				"north": {
					"uv": [13.5, 4, 14, 4.5],
					"texture": "#0"
				},
				"east": {
					"uv": [4.5, 13.5, 5, 14],
					"texture": "#0"
				},
				"south": {
					"uv": [13.5, 4.5, 14, 5],
					"texture": "#0"
				},
				"west": {
					"uv": [5, 13.5, 5.5, 14],
					"texture": "#0"
				},
				"up": {
					"uv": [6, 14, 5.5, 13.5],
					"texture": "#0"
				},
				"down": {
					"uv": [6.5, 13.5, 6, 14],
					"texture": "#0"
				}
			}
		},
		{
			"from": [8, 8, 12],
			"to": [9, 8.25, 13],
			"rotation": {
				"angle": 0,
				"axis": "y",
				"origin": [6, 8, 10]
			},
			"faces": {
				"north": {
					"uv": [6.5, 13.5, 7, 14],
					"texture": "#0"
				},
				"east": {
					"uv": [7, 13.5, 7.5, 14],
					"texture": "#0"
				},
				"south": {
					"uv": [13.5, 9, 14, 9.5],
					"texture": "#0"
				},
				"west": {
					"uv": [9.5, 13.5, 10, 14],
					"texture": "#0"
				},
				"up": {
					"uv": [14, 10, 13.5, 9.5],
					"texture": "#0"
				},
				"down": {
					"uv": [10.5, 13.5, 10, 14],
					"texture": "#0"
				}
			}
		},
		{
			"from": [8, 8, 10],
			"to": [9, 8.25, 11],
			"rotation": {
				"angle": 0,
				"axis": "y",
				"origin": [6, 8, 8]
			},
			"faces": {
				"north": {
					"uv": [13.5, 10, 14, 10.5],
					"texture": "#0"
				},
				"east": {
					"uv": [10.5, 13.5, 11, 14],
					"texture": "#0"
				},
				"south": {
					"uv": [13.5, 10.5, 14, 11],
					"texture": "#0"
				},
				"west": {
					"uv": [11, 13.5, 11.5, 14],
					"texture": "#0"
				},
				"up": {
					"uv": [14, 11.5, 13.5, 11],
					"texture": "#0"
				},
				"down": {
					"uv": [12, 13.5, 11.5, 14],
					"texture": "#0"
				}
			}
		}
	]
}