{
	"textures": {
		"0": "animated_java:blueprint/table_animation/pills",
		"particle": "minecraft:item/pufferfish"
	},
	"display": {
		"head": {
			"rotation": [0, 180, 0]
		}
	},
	"elements": [
		{
			"from": [6, 7.875, 3],
			"to": [11, 8, 12],
			"rotation": {
				"angle": 0,
				"axis": "y",
				"origin": [8, 7.875, 7]
			},
			"faces": {
				"north": {
					"uv": [5, 11, 7.5, 11.5],
					"texture": "#0"
				},
				"east": {
					"uv": [10, 6, 14.5, 6.5],
					"texture": "#0"
				},
				"south": {
					"uv": [9.5, 11, 12, 11.5],
					"texture": "#0"
				},
				"west": {
					"uv": [10, 6.5, 14.5, 7],
					"texture": "#0"
				},
				"up": {
					"uv": [2.5, 9, 0, 4.5],
					"rotation": 180,
					"texture": "#0"
				},
				"down": {
					"uv": [5, 4.5, 2.5, 9],
					"texture": "#0"
				}
			}
		},
		{
			"from": [9, 8, 4],
			"to": [10, 8.25, 5],
			"rotation": {
				"angle": 0,
				"axis": "y",
				"origin": [7, 8, 2]
			},
			"faces": {
				"north": {
					"uv": [0.5, 13, 1, 13.5],
					"texture": "#0"
				},
				"east": {
					"uv": [13, 0.5, 13.5, 1],
					"texture": "#0"
				},
				"south": {
					"uv": [1, 13, 1.5, 13.5],
					"texture": "#0"
				},
				"west": {
					"uv": [13, 1, 13.5, 1.5],
					"texture": "#0"
				},
				"up": {
					"uv": [2, 13.5, 1.5, 13],
					"texture": "#0"
				},
				"down": {
					"uv": [13.5, 1.5, 13, 2],
					"texture": "#0"
				}
			}
		},
		{
			"from": [9, 8, 6],
			"to": [10, 8.25, 7],
			"rotation": {
				"angle": 0,
				"axis": "y",
				"origin": [7, 8, 4]
			},
			"faces": {
				"north": {
					"uv": [2, 13, 2.5, 13.5],
					"texture": "#0"
				},
				"east": {
					"uv": [13, 2, 13.5, 2.5],
					"texture": "#0"
				},
				"south": {
					"uv": [2.5, 13, 3, 13.5],
					"texture": "#0"
				},
				"west": {
					"uv": [13, 2.5, 13.5, 3],
					"texture": "#0"
				},
				"up": {
					"uv": [3.5, 13.5, 3, 13],
					"texture": "#0"
				},
				"down": {
					"uv": [13.5, 3, 13, 3.5],
					"texture": "#0"
				}
			}
		},
		{
			"from": [9, 8, 8],
			"to": [10, 8.25, 9],
			"rotation": {
				"angle": 0,
				"axis": "y",
				"origin": [7, 8, 6]
			},
			"faces": {
				"north": {
					"uv": [3.5, 13, 4, 13.5],
					"texture": "#0"
				},
				"east": {
					"uv": [13, 3.5, 13.5, 4],
					"texture": "#0"
				},
				"south": {
					"uv": [4, 13, 4.5, 13.5],
					"texture": "#0"
				},
				"west": {
					"uv": [13, 4, 13.5, 4.5],
					"texture": "#0"
				},
				"up": {
					"uv": [5, 13.5, 4.5, 13],
					"texture": "#0"
				},
				"down": {
					"uv": [13.5, 4.5, 13, 5],
					"texture": "#0"
				}
			}
		},
		{
			"from": [9, 8, 10],
			"to": [10, 8.25, 11],
			"rotation": {
				"angle": 0,
				"axis": "y",
				"origin": [7, 8, 8]
			},
			"faces": {
				"north": {
					"uv": [5, 13, 5.5, 13.5],
					"texture": "#0"
				},
				"east": {
					"uv": [5.5, 13, 6, 13.5],
					"texture": "#0"
				},
				"south": {
					"uv": [6, 13, 6.5, 13.5],
					"texture": "#0"
				},
				"west": {
					"uv": [6.5, 13, 7, 13.5],
					"texture": "#0"
				},
				"up": {
					"uv": [7.5, 13.5, 7, 13],
					"texture": "#0"
				},
				"down": {
					"uv": [10, 13, 9.5, 13.5],
					"texture": "#0"
				}
			}
		},
		{
			"from": [7, 8, 4],
			"to": [8, 8.25, 5],
			"rotation": {
				"angle": 0,
				"axis": "y",
				"origin": [5, 8, 2]
			},
			"faces": {
				"north": {
					"uv": [7, 12, 7.5, 12.5],
					"texture": "#0"
				},
				"east": {
					"uv": [9.5, 12, 10, 12.5],
					"texture": "#0"
				},
				"south": {
					"uv": [10, 12, 10.5, 12.5],
					"texture": "#0"
				},
				"west": {
					"uv": [10.5, 12, 11, 12.5],
					"texture": "#0"
				},
				"up": {
					"uv": [11.5, 12.5, 11, 12],
					"texture": "#0"
				},
				"down": {
					"uv": [12.5, 11, 12, 11.5],
					"texture": "#0"
				}
			}
		},
		{
			"from": [7, 8, 6],
			"to": [8, 8.25, 7],
			"rotation": {
				"angle": 0,
				"axis": "y",
				"origin": [5, 8, 4]
			},
			"faces": {
				"north": {
					"uv": [11.5, 12, 12, 12.5],
					"texture": "#0"
				},
				"east": {
					"uv": [12, 11.5, 12.5, 12],
					"texture": "#0"
				},
				"south": {
					"uv": [12, 12, 12.5, 12.5],
					"texture": "#0"
				},
				"west": {
					"uv": [7, 12.5, 7.5, 13],
					"texture": "#0"
				},
				"up": {
					"uv": [10, 13, 9.5, 12.5],
					"texture": "#0"
				},
				"down": {
					"uv": [10.5, 12.5, 10, 13],
					"texture": "#0"
				}
			}
		},
		{
			"from": [7, 8, 8],
			"to": [8, 8.25, 9],
			"rotation": {
				"angle": 0,
				"axis": "y",
				"origin": [5, 8, 6]
			},
			"faces": {
				"north": {
					"uv": [12.5, 10, 13, 10.5],
					"texture": "#0"
				},
				"east": {
					"uv": [10.5, 12.5, 11, 13],
					"texture": "#0"
				},
				"south": {
					"uv": [12.5, 10.5, 13, 11],
					"texture": "#0"
				},
				"west": {
					"uv": [11, 12.5, 11.5, 13],
					"texture": "#0"
				},
				"up": {
					"uv": [13, 11.5, 12.5, 11],
					"texture": "#0"
				},
				"down": {
					"uv": [12, 12.5, 11.5, 13],
					"texture": "#0"
				}
			}
		},
		{
			"from": [7, 8, 10],
			"to": [8, 8.25, 11],
			"rotation": {
				"angle": 0,
				"axis": "y",
				"origin": [5, 8, 8]
			},
			"faces": {
				"north": {
					"uv": [12.5, 11.5, 13, 12],
					"texture": "#0"
				},
				"east": {
					"uv": [12, 12.5, 12.5, 13],
					"texture": "#0"
				},
				"south": {
					"uv": [12.5, 12, 13, 12.5],
					"texture": "#0"
				},
				"west": {
					"uv": [12.5, 12.5, 13, 13],
					"texture": "#0"
				},
				"up": {
					"uv": [0.5, 13.5, 0, 13],
					"texture": "#0"
				},
				"down": {
					"uv": [13.5, 0, 13, 0.5],
					"texture": "#0"
				}
			}
		}
	]
}