{
	"textures": {
		"0": "animated_java:blueprint/table_animation/pills",
		"particle": "minecraft:item/pufferfish"
	},
	"display": {
		"head": {
			"rotation": [0, 180, 0]
		}
	},
	"elements": [
		{
			"from": [4.75, 7, 2.75],
			"to": [10.25, 8.5, 3],
			"rotation": {
				"angle": 0,
				"axis": "y",
				"origin": [5, 7, 1]
			},
			"faces": {
				"north": {
					"uv": [10, 0, 13, 1],
					"texture": "#0"
				},
				"east": {
					"uv": [4, 12, 4.5, 13],
					"texture": "#0"
				},
				"south": {
					"uv": [10, 1, 13, 2],
					"texture": "#0"
				},
				"west": {
					"uv": [4.5, 12, 5, 13],
					"texture": "#0"
				},
				"up": {
					"uv": [12.5, 10.5, 9.5, 10],
					"texture": "#0"
				},
				"down": {
					"uv": [12.5, 10.5, 9.5, 11],
					"texture": "#0"
				}
			}
		},
		{
			"from": [10, 7, 3],
			"to": [10.25, 8.5, 12.25],
			"rotation": {
				"angle": 0,
				"axis": "y",
				"origin": [10.5, 7, 1.25]
			},
			"faces": {
				"north": {
					"uv": [5, 12, 5.5, 13],
					"texture": "#0"
				},
				"east": {
					"uv": [0, 9, 4.5, 10],
					"texture": "#0"
				},
				"south": {
					"uv": [5.5, 12, 6, 13],
					"texture": "#0"
				},
				"west": {
					"uv": [4.5, 9, 9, 10],
					"texture": "#0"
				},
				"up": {
					"uv": [8, 14.5, 7.5, 10],
					"texture": "#0"
				},
				"down": {
					"uv": [8.5, 10, 8, 14.5],
					"texture": "#0"
				}
			}
		},
		{
			"from": [4.75, 7, 3],
			"to": [5, 8.5, 12.25],
			"rotation": {
				"angle": 0,
				"axis": "y",
				"origin": [5, 7, 1.25]
			},
			"faces": {
				"north": {
					"uv": [6, 12, 6.5, 13],
					"texture": "#0"
				},
				"east": {
					"uv": [9, 9, 13.5, 10],
					"texture": "#0"
				},
				"south": {
					"uv": [6.5, 12, 7, 13],
					"texture": "#0"
				},
				"west": {
					"uv": [0, 10, 4.5, 11],
					"texture": "#0"
				},
				"up": {
					"uv": [9, 14.5, 8.5, 10],
					"texture": "#0"
				},
				"down": {
					"uv": [9.5, 10, 9, 14.5],
					"texture": "#0"
				}
			}
		},
		{
			"from": [5, 7, 3],
			"to": [10, 7.15, 12.25],
			"rotation": {
				"angle": 0,
				"axis": "y",
				"origin": [5.5, 7, 1.25]
			},
			"faces": {
				"north": {
					"uv": [0, 11.5, 2.5, 12],
					"texture": "#0"
				},
				"east": {
					"uv": [10, 7, 14.5, 7.5],
					"texture": "#0"
				},
				"south": {
					"uv": [2.5, 11.5, 5, 12],
					"texture": "#0"
				},
				"west": {
					"uv": [10, 7.5, 14.5, 8],
					"texture": "#0"
				},
				"up": {
					"uv": [7.5, 4.5, 5, 0],
					"texture": "#0"
				},
				"down": {
					"uv": [7.5, 4.5, 5, 9],
					"texture": "#0"
				}
			}
		},
		{
			"from": [5, 8.35, 3],
			"to": [10, 8.5, 12.25],
			"rotation": {
				"angle": 0,
				"axis": "y",
				"origin": [5.5, 8.35, 1.25]
			},
			"faces": {
				"north": {
					"uv": [5, 11.5, 7.5, 12],
					"texture": "#0"
				},
				"east": {
					"uv": [10, 8, 14.5, 8.5],
					"texture": "#0"
				},
				"south": {
					"uv": [9.5, 11.5, 12, 12],
					"texture": "#0"
				},
				"west": {
					"uv": [10, 8.5, 14.5, 9],
					"texture": "#0"
				},
				"up": {
					"uv": [10, 4.5, 7.5, 0],
					"texture": "#0"
				},
				"down": {
					"uv": [10, 4.5, 7.5, 9],
					"texture": "#0"
				}
			}
		},
		{
			"from": [4.75, 12.725, 10.775],
			"to": [10.25, 12.725, 13.025],
			"rotation": {
				"angle": 22.5,
				"axis": "x",
				"origin": [5.5, 12.575, 2.025]
			},
			"faces": {
				"north": {
					"uv": [0, 0, 3, 0],
					"texture": "#0"
				},
				"east": {
					"uv": [0, 0, 1, 0],
					"texture": "#0"
				},
				"south": {
					"uv": [0, 0, 3, 0],
					"texture": "#0"
				},
				"west": {
					"uv": [0, 0, 1, 0],
					"texture": "#0"
				},
				"up": {
					"uv": [13, 3, 10, 2],
					"texture": "#0"
				},
				"down": {
					"uv": [13, 3, 10, 4],
					"texture": "#0"
				}
			}
		},
		{
			"from": [4.75, 2.8, 10.9],
			"to": [10.25, 2.8, 13.15],
			"rotation": {
				"angle": -22.5,
				"axis": "x",
				"origin": [5.5, 2.65, 2.15]
			},
			"faces": {
				"north": {
					"uv": [0, 0, 3, 0],
					"texture": "#0"
				},
				"east": {
					"uv": [0, 0, 1, 0],
					"texture": "#0"
				},
				"south": {
					"uv": [0, 0, 3, 0],
					"texture": "#0"
				},
				"west": {
					"uv": [0, 0, 1, 0],
					"texture": "#0"
				},
				"up": {
					"uv": [13, 5, 10, 4],
					"texture": "#0"
				},
				"down": {
					"uv": [7.5, 10, 4.5, 11],
					"texture": "#0"
				}
			}
		},
		{
			"from": [10.4, 7, 12.825],
			"to": [12.1, 8.5, 12.825],
			"rotation": {
				"angle": 22.5,
				"axis": "y",
				"origin": [8.85, -2.25, 12.975]
			},
			"faces": {
				"north": {
					"uv": [0, 12, 1, 13],
					"texture": "#0"
				},
				"east": {
					"uv": [0, 0, 0, 1],
					"texture": "#0"
				},
				"south": {
					"uv": [1, 12, 2, 13],
					"texture": "#0"
				},
				"west": {
					"uv": [0, 0, 0, 1],
					"texture": "#0"
				},
				"up": {
					"uv": [1, 0, 0, 0],
					"texture": "#0"
				},
				"down": {
					"uv": [1, 0, 0, 0],
					"texture": "#0"
				}
			}
		},
		{
			"from": [3.25, 7, 11],
			"to": [4.95, 8.5, 11],
			"rotation": {
				"angle": -22.5,
				"axis": "y",
				"origin": [1.7, -2.25, 11.15]
			},
			"faces": {
				"north": {
					"uv": [2, 12, 3, 13],
					"texture": "#0"
				},
				"east": {
					"uv": [0, 0, 0, 1],
					"texture": "#0"
				},
				"south": {
					"uv": [3, 12, 4, 13],
					"texture": "#0"
				},
				"west": {
					"uv": [0, 0, 0, 1],
					"texture": "#0"
				},
				"up": {
					"uv": [1, 0, 0, 0],
					"texture": "#0"
				},
				"down": {
					"uv": [1, 0, 0, 0],
					"texture": "#0"
				}
			}
		}
	]
}