{
	"textures": {
		"0": "animated_java:blueprint/gydrant/gydrand_anim",
		"particle": "minecraft:item/pufferfish"
	},
	"display": {
		"head": {
			"rotation": [0, 180, 0]
		}
	},
	"elements": [
		{
			"from": [12, 10, 11.925],
			"to": [18, 22, 17.925],
			"rotation": {
				"angle": 0,
				"axis": "y",
				"origin": [8, 10, 7.925]
			},
			"faces": {
				"north": {
					"uv": [3, 4.5, 4.5, 7.5],
					"texture": "#0"
				},
				"east": {
					"uv": [4.5, 4.5, 6, 7.5],
					"texture": "#0"
				},
				"south": {
					"uv": [5.25, 0, 6.75, 3],
					"texture": "#0"
				},
				"west": {
					"uv": [6, 3, 7.5, 6],
					"texture": "#0"
				},
				"up": {
					"uv": [9, 5.25, 7.5, 3.75],
					"texture": "#0"
				},
				"down": {
					"uv": [6.5, 8, 5, 9.5],
					"texture": "#0"
				}
			}
		},
		{
			"from": [18, 17, 13.175],
			"to": [22, 20, 16.175],
			"rotation": {
				"angle": 0,
				"axis": "y",
				"origin": [16, 10, 10.175]
			},
			"faces": {
				"north": {
					"uv": [8, 9, 9, 9.75],
					"texture": "#0"
				},
				"east": {
					"uv": [5.25, 3, 6, 3.75],
					"texture": "#0"
				},
				"south": {
					"uv": [9, 9, 10, 9.75],
					"texture": "#0"
				},
				"west": {
					"uv": [5.25, 3.75, 6, 4.5],
					"texture": "#0"
				},
				"up": {
					"uv": [4, 10, 3, 9.25],
					"texture": "#0"
				},
				"down": {
					"uv": [5, 9.25, 4, 10],
					"texture": "#0"
				}
			}
		},
		{
			"from": [13.75, 17.5, 8.925],
			"to": [16.25, 20, 11.925],
			"rotation": {
				"angle": 0,
				"axis": "y",
				"origin": [11.25, 10.5, 5.925]
			},
			"faces": {
				"north": {
					"uv": [6.75, 2, 7.5, 2.75],
					"texture": "#0"
				},
				"east": {
					"uv": [9.5, 1.75, 10.25, 2.5],
					"texture": "#0"
				},
				"south": {
					"uv": [9.5, 2.5, 10.25, 3.25],
					"texture": "#0"
				},
				"west": {
					"uv": [9.5, 4.75, 10.25, 5.5],
					"texture": "#0"
				},
				"up": {
					"uv": [5.75, 10.25, 5, 9.5],
					"texture": "#0"
				},
				"down": {
					"uv": [10.25, 5.5, 9.5, 6.25],
					"texture": "#0"
				}
			}
		},
		{
			"from": [13.75, 17.5, 17.925],
			"to": [16.25, 20, 20.925],
			"rotation": {
				"angle": 0,
				"axis": "y",
				"origin": [11.25, 10.5, 14.925]
			},
			"faces": {
				"north": {
					"uv": [5.75, 9.5, 6.5, 10.25],
					"texture": "#0"
				},
				"east": {
					"uv": [9.5, 6.25, 10.25, 7],
					"texture": "#0"
				},
				"south": {
					"uv": [6.5, 9.5, 7.25, 10.25],
					"texture": "#0"
				},
				"west": {
					"uv": [9.5, 7, 10.25, 7.75],
					"texture": "#0"
				},
				"up": {
					"uv": [8, 10.25, 7.25, 9.5],
					"texture": "#0"
				},
				"down": {
					"uv": [10.25, 7.75, 9.5, 8.5],
					"texture": "#0"
				}
			}
		},
		{
			"from": [14.25, 18, 20.925],
			"to": [15.75, 19.5, 21.425],
			"rotation": {
				"angle": 0,
				"axis": "y",
				"origin": [11.25, 10.5, 17.925]
			},
			"faces": {
				"north": {
					"uv": [5, 7.5, 5.5, 8],
					"texture": "#0"
				},
				"east": {
					"uv": [3.5, 10, 3.75, 10.5],
					"texture": "#0"
				},
				"south": {
					"uv": [7.5, 5.25, 8, 5.75],
					"texture": "#0"
				},
				"west": {
					"uv": [3.75, 10, 4, 10.5],
					"texture": "#0"
				},
				"up": {
					"uv": [7.25, 3, 6.75, 2.75],
					"texture": "#0"
				},
				"down": {
					"uv": [8, 5.75, 7.5, 6],
					"texture": "#0"
				}
			}
		},
		{
			"from": [14.25, 18, 8.425],
			"to": [15.75, 19.5, 8.925],
			"rotation": {
				"angle": 0,
				"axis": "y",
				"origin": [11.25, 10.5, 5.425]
			},
			"faces": {
				"north": {
					"uv": [5.5, 7.5, 6, 8],
					"texture": "#0"
				},
				"east": {
					"uv": [4, 10, 4.25, 10.5],
					"texture": "#0"
				},
				"south": {
					"uv": [9, 4.75, 9.5, 5.25],
					"texture": "#0"
				},
				"west": {
					"uv": [4.25, 10, 4.5, 10.5],
					"texture": "#0"
				},
				"up": {
					"uv": [9.25, 2, 8.75, 1.75],
					"texture": "#0"
				},
				"down": {
					"uv": [5, 10, 4.5, 10.25],
					"texture": "#0"
				}
			}
		},
		{
			"from": [22, 17.75, 13.925],
			"to": [22.55, 19.25, 15.425],
			"rotation": {
				"angle": 0,
				"axis": "y",
				"origin": [20, 9.5, 10.675]
			},
			"faces": {
				"north": {
					"uv": [10, 9, 10.25, 9.5],
					"texture": "#0"
				},
				"east": {
					"uv": [9.5, 9.75, 10, 10.25],
					"texture": "#0"
				},
				"south": {
					"uv": [10, 9.5, 10.25, 10],
					"texture": "#0"
				},
				"west": {
					"uv": [3, 10, 3.5, 10.5],
					"texture": "#0"
				},
				"up": {
					"uv": [10.25, 10.5, 10, 10],
					"texture": "#0"
				},
				"down": {
					"uv": [10.5, 0, 10.25, 0.5],
					"texture": "#0"
				}
			}
		},
		{
			"from": [11.1, 21, 11.175],
			"to": [18.6, 22.25, 18.675],
			"rotation": {
				"angle": 0,
				"axis": "y",
				"origin": [8.85, 19, 8.925]
			},
			"faces": {
				"north": {
					"uv": [9.5, 3.25, 11.5, 3.5],
					"texture": "#0"
				},
				"east": {
					"uv": [9.5, 3.5, 11.5, 3.75],
					"texture": "#0"
				},
				"south": {
					"uv": [9.5, 8.5, 11.5, 8.75],
					"texture": "#0"
				},
				"west": {
					"uv": [9.5, 8.75, 11.5, 9],
					"texture": "#0"
				},
				"up": {
					"uv": [8, 8, 6, 6],
					"texture": "#0"
				},
				"down": {
					"uv": [8.75, 0, 6.75, 2],
					"texture": "#0"
				}
			}
		},
		{
			"from": [11.25, 10, 11.25],
			"to": [18.75, 12.25, 18.75],
			"rotation": {
				"angle": 0,
				"axis": "y",
				"origin": [8, 8, 8]
			},
			"faces": {
				"north": {
					"uv": [8.75, 0.75, 10.75, 1.25],
					"texture": "#0"
				},
				"east": {
					"uv": [9, 3.75, 10.75, 4.25],
					"texture": "#0"
				},
				"south": {
					"uv": [8.75, 1.25, 10.75, 1.75],
					"texture": "#0"
				},
				"west": {
					"uv": [9, 4.25, 10.75, 4.75],
					"texture": "#0"
				},
				"up": {
					"uv": [9.5, 3.75, 7.5, 2],
					"texture": "#0"
				},
				"down": {
					"uv": [5, 7.5, 3, 9.25],
					"texture": "#0"
				}
			}
		}
	]
}