{
	"textures": {
		"0": "animated_java:blueprint/gydrant/gydrand_anim",
		"particle": "minecraft:item/pufferfish"
	},
	"display": {
		"head": {
			"rotation": [0, 180, 0]
		}
	},
	"elements": [
		{
			"from": [7.32258, 8, 7.70968],
			"to": [8.29032, 32, 8.67742],
			"rotation": {
				"angle": 0,
				"axis": "y",
				"origin": [8, 8, 8]
			},
			"faces": {
				"north": {
					"uv": [0, 0, 0.75, 15.5],
					"texture": "#0"
				},
				"east": {
					"uv": [0.75, 0, 1.5, 15.5],
					"texture": "#0"
				},
				"south": {
					"uv": [1.5, 0, 2.25, 15.5],
					"texture": "#0"
				},
				"west": {
					"uv": [2.25, 0, 3, 15.5],
					"texture": "#0"
				},
				"up": {
					"uv": [8.75, 10.5, 8, 9.75],
					"texture": "#0"
				},
				"down": {
					"uv": [9.5, 9.75, 8.75, 10.5],
					"texture": "#0"
				}
			}
		}
	]
}