{
	"textures": {
		"0": "animated_java:blueprint/gydrant/gydrand_anim",
		"particle": "minecraft:item/pufferfish"
	},
	"display": {
		"head": {
			"rotation": [0, 180, 0]
		}
	},
	"elements": [
		{
			"from": [10.65, 5, 10.65],
			"to": [16.35, 8, 16.35],
			"rotation": {
				"angle": 0,
				"axis": "y",
				"origin": [7.5, 5, 7.5]
			},
			"faces": {
				"north": {
					"uv": [8, 6.75, 9.5, 7.5],
					"texture": "#0"
				},
				"east": {
					"uv": [8, 7.5, 9.5, 8.25],
					"texture": "#0"
				},
				"south": {
					"uv": [8, 8.25, 9.5, 9],
					"texture": "#0"
				},
				"west": {
					"uv": [8.75, 0, 10.25, 0.75],
					"texture": "#0"
				},
				"up": {
					"uv": [9.5, 6.75, 8, 5.25],
					"texture": "#0"
				},
				"down": {
					"uv": [8, 8, 6.5, 9.5],
					"texture": "#0"
				}
			}
		},
		{
			"from": [13, 8, 13],
			"to": [14, 9, 14],
			"rotation": {
				"angle": 0,
				"axis": "y",
				"origin": [8, 8, 8]
			},
			"faces": {
				"north": {
					"uv": [7.25, 2.75, 7.5, 3],
					"texture": "#0"
				},
				"east": {
					"uv": [9.25, 1.75, 9.5, 2],
					"texture": "#0"
				},
				"south": {
					"uv": [10.25, 0.5, 10.5, 0.75],
					"texture": "#0"
				},
				"west": {
					"uv": [10.25, 1.75, 10.5, 2],
					"texture": "#0"
				},
				"up": {
					"uv": [10.5, 2.25, 10.25, 2],
					"texture": "#0"
				},
				"down": {
					"uv": [10.5, 2.25, 10.25, 2.5],
					"texture": "#0"
				}
			}
		}
	]
}