{
	"textures": {
		"0": "animated_java:blueprint/gydrant/gydrand_anim",
		"particle": "minecraft:item/pufferfish"
	},
	"display": {
		"head": {
			"rotation": [0, 180, 0]
		}
	},
	"elements": [
		{
			"from": [6.16129, 32, 6.54839],
			"to": [9.45161, 32, 9.83871],
			"rotation": {
				"angle": 0,
				"axis": "y",
				"origin": [8, 8, 8]
			},
			"faces": {
				"north": {
					"uv": [0, 0, 2.25, 0],
					"texture": "#0"
				},
				"east": {
					"uv": [0, 0, 2.25, 0],
					"texture": "#0"
				},
				"south": {
					"uv": [0, 0, 2.25, 0],
					"texture": "#0"
				},
				"west": {
					"uv": [0, 0, 2.25, 0],
					"texture": "#0"
				},
				"up": {
					"uv": [5.25, 2.25, 3, 0],
					"texture": "#0"
				},
				"down": {
					"uv": [5.25, 2.25, 3, 4.5],
					"texture": "#0"
				}
			}
		}
	]
}