{
	"textures": {
		"0": "animated_java:blueprint/slimeboom/slimebomb_anim",
		"particle": "minecraft:item/pufferfish"
	},
	"display": {
		"head": {
			"rotation": [0, 180, 0]
		}
	},
	"elements": [
		{
			"from": [-4, 4.125, -4],
			"to": [20, 4.125, 20],
			"rotation": {
				"angle": 0,
				"axis": "y",
				"origin": [4, 4.125, 4]
			},
			"faces": {
				"north": {
					"uv": [0, 0, 6, 0],
					"texture": "#0"
				},
				"east": {
					"uv": [0, 0, 6, 0],
					"texture": "#0"
				},
				"south": {
					"uv": [0, 0, 6, 0],
					"texture": "#0"
				},
				"west": {
					"uv": [0, 0, 6, 0],
					"texture": "#0"
				},
				"up": {
					"uv": [6, 6, 0, 0],
					"texture": "#0"
				},
				"down": {
					"uv": [6, 0, 0, 6],
					"texture": "#0"
				}
			}
		}
	]
}