{
	"textures": {
		"1": "animated_java:blueprint/light_animation/lamp_podvec",
		"particle": "minecraft:item/pufferfish"
	},
	"display": {
		"head": {
			"rotation": [0, 180, 0]
		}
	},
	"elements": [
		{
			"from": [8, -10, 9],
			"to": [9, 10, 9],
			"rotation": {
				"angle": 0,
				"axis": "y",
				"origin": [8, 8, 8]
			},
			"faces": {
				"north": {
					"uv": [3, 2, 3.5, 12],
					"texture": "#1"
				},
				"east": {
					"uv": [0, 0, 0, 10],
					"texture": "#1"
				},
				"south": {
					"uv": [3.5, 2, 4, 12],
					"texture": "#1"
				},
				"west": {
					"uv": [0, 0, 0, 10],
					"texture": "#1"
				},
				"up": {
					"uv": [0.5, 0, 0, 0],
					"texture": "#1"
				},
				"down": {
					"uv": [0.5, 0, 0, 0],
					"texture": "#1"
				}
			}
		}
	]
}