{
	"textures": {
		"1": "animated_java:blueprint/light_animation/lamp_podvec",
		"particle": "minecraft:item/pufferfish"
	},
	"display": {
		"head": {
			"rotation": [0, 180, 0]
		}
	},
	"elements": [
		{
			"from": [2, 10, 7],
			"to": [14, 11, 9],
			"rotation": {
				"angle": 0,
				"axis": "y",
				"origin": [7, 10, 8]
			},
			"faces": {
				"north": {
					"uv": [4, 2, 10, 2.5],
					"texture": "#1"
				},
				"east": {
					"uv": [6, 3, 7, 3.5],
					"texture": "#1"
				},
				"south": {
					"uv": [4, 2.5, 10, 3],
					"texture": "#1"
				},
				"west": {
					"uv": [6, 3.5, 7, 4],
					"texture": "#1"
				},
				"up": {
					"uv": [6, 1, 0, 0],
					"texture": "#1"
				},
				"down": {
					"uv": [6, 1, 0, 2],
					"texture": "#1"
				}
			}
		},
		{
			"from": [7, 10, 2],
			"to": [9, 11, 7],
			"rotation": {
				"angle": 0,
				"axis": "y",
				"origin": [7, 10, 8]
			},
			"faces": {
				"north": {
					"uv": [6, 4, 7, 4.5],
					"texture": "#1"
				},
				"east": {
					"uv": [6, 0, 8.5, 0.5],
					"texture": "#1"
				},
				"south": {
					"uv": [6, 4.5, 7, 5],
					"texture": "#1"
				},
				"west": {
					"uv": [6, 0.5, 8.5, 1],
					"texture": "#1"
				},
				"up": {
					"uv": [5, 5.5, 4, 3],
					"texture": "#1"
				},
				"down": {
					"uv": [6, 3, 5, 5.5],
					"texture": "#1"
				}
			}
		},
		{
			"from": [7, 10, 9],
			"to": [9, 11, 14],
			"rotation": {
				"angle": 0,
				"axis": "y",
				"origin": [7, 10, 15]
			},
			"faces": {
				"north": {
					"uv": [6, 5, 7, 5.5],
					"texture": "#1"
				},
				"east": {
					"uv": [6, 1, 8.5, 1.5],
					"texture": "#1"
				},
				"south": {
					"uv": [6, 5.5, 7, 6],
					"texture": "#1"
				},
				"west": {
					"uv": [6, 1.5, 8.5, 2],
					"texture": "#1"
				},
				"up": {
					"uv": [5, 8, 4, 5.5],
					"texture": "#1"
				},
				"down": {
					"uv": [6, 5.5, 5, 8],
					"texture": "#1"
				}
			}
		}
	]
}