{
	"textures": {
		"2": "animated_java:blueprint/gravity_down_animation/gravity_down",
		"particle": "minecraft:item/pufferfish"
	},
	"display": {
		"head": {
			"rotation": [0, 180, 0]
		}
	},
	"elements": [
		{
			"from": [4.5, 5, 4.25],
			"to": [11.5, 12, 11.25],
			"rotation": {
				"angle": 0,
				"axis": "y",
				"origin": [6.5, 5, 7.25]
			},
			"faces": {
				"north": {
					"uv": [0, 0, 3.5, 3.5],
					"texture": "#2"
				},
				"east": {
					"uv": [0, 3.5, 3.5, 7],
					"texture": "#2"
				},
				"south": {
					"uv": [3.5, 0, 7, 3.5],
					"texture": "#2"
				},
				"west": {
					"uv": [3.5, 3.5, 7, 7],
					"texture": "#2"
				},
				"up": {
					"uv": [3.5, 10.5, 0, 7],
					"texture": "#2"
				},
				"down": {
					"uv": [10.5, 0, 7, 3.5],
					"texture": "#2"
				}
			}
		},
		{
			"from": [9.5, 10, 4],
			"to": [11.75, 12.25, 4],
			"rotation": {
				"angle": 0,
				"axis": "y",
				"origin": [6.5, 5, 7]
			},
			"faces": {
				"north": {
					"uv": [8.5, 6.5, 9.5, 7.5],
					"texture": "#2"
				},
				"east": {
					"uv": [0, 0, 0, 1],
					"texture": "#2"
				},
				"south": {
					"uv": [7.5, 8.5, 8.5, 9.5],
					"texture": "#2"
				},
				"west": {
					"uv": [0, 0, 0, 1],
					"texture": "#2"
				},
				"up": {
					"uv": [1, 0, 0, 0],
					"texture": "#2"
				},
				"down": {
					"uv": [1, 0, 0, 0],
					"texture": "#2"
				}
			}
		},
		{
			"from": [4.25, 10, 4],
			"to": [6.5, 12.25, 4],
			"rotation": {
				"angle": 0,
				"axis": "y",
				"origin": [1.5, 5, 7]
			},
			"faces": {
				"north": {
					"uv": [8.5, 7.5, 9.5, 8.5],
					"texture": "#2"
				},
				"east": {
					"uv": [0, 0, 0, 1],
					"texture": "#2"
				},
				"south": {
					"uv": [8.5, 8.5, 9.5, 9.5],
					"texture": "#2"
				},
				"west": {
					"uv": [0, 0, 0, 1],
					"texture": "#2"
				},
				"up": {
					"uv": [1, 0, 0, 0],
					"texture": "#2"
				},
				"down": {
					"uv": [1, 0, 0, 0],
					"texture": "#2"
				}
			}
		},
		{
			"from": [4.25, 4.75, 4],
			"to": [6.5, 7, 4],
			"rotation": {
				"angle": 0,
				"axis": "y",
				"origin": [1.5, 0, 7]
			},
			"faces": {
				"north": {
					"uv": [3.5, 9, 4.5, 10],
					"texture": "#2"
				},
				"east": {
					"uv": [0, 0, 0, 1],
					"texture": "#2"
				},
				"south": {
					"uv": [9, 3.5, 10, 4.5],
					"texture": "#2"
				},
				"west": {
					"uv": [0, 0, 0, 1],
					"texture": "#2"
				},
				"up": {
					"uv": [1, 0, 0, 0],
					"texture": "#2"
				},
				"down": {
					"uv": [1, 0, 0, 0],
					"texture": "#2"
				}
			}
		},
		{
			"from": [4.25, 10, 11.5],
			"to": [6.5, 12.25, 11.5],
			"rotation": {
				"angle": 0,
				"axis": "y",
				"origin": [1.5, 5, 14.5]
			},
			"faces": {
				"north": {
					"uv": [10, 5.5, 11, 6.5],
					"texture": "#2"
				},
				"east": {
					"uv": [0, 0, 0, 1],
					"texture": "#2"
				},
				"south": {
					"uv": [6.5, 10, 7.5, 11],
					"texture": "#2"
				},
				"west": {
					"uv": [0, 0, 0, 1],
					"texture": "#2"
				},
				"up": {
					"uv": [1, 0, 0, 0],
					"texture": "#2"
				},
				"down": {
					"uv": [1, 0, 0, 0],
					"texture": "#2"
				}
			}
		},
		{
			"from": [9.5, 10, 11.5],
			"to": [11.75, 12.25, 11.5],
			"rotation": {
				"angle": 0,
				"axis": "y",
				"origin": [6.5, 5, 14.5]
			},
			"faces": {
				"north": {
					"uv": [10, 4.5, 11, 5.5],
					"texture": "#2"
				},
				"east": {
					"uv": [0, 0, 0, 1],
					"texture": "#2"
				},
				"south": {
					"uv": [5.5, 10, 6.5, 11],
					"texture": "#2"
				},
				"west": {
					"uv": [0, 0, 0, 1],
					"texture": "#2"
				},
				"up": {
					"uv": [1, 0, 0, 0],
					"texture": "#2"
				},
				"down": {
					"uv": [1, 0, 0, 0],
					"texture": "#2"
				}
			}
		},
		{
			"from": [9.5, 4.75, 11.5],
			"to": [11.75, 7, 11.5],
			"rotation": {
				"angle": 0,
				"axis": "y",
				"origin": [6.5, 0, 14.5]
			},
			"faces": {
				"north": {
					"uv": [10, 3.5, 11, 4.5],
					"texture": "#2"
				},
				"east": {
					"uv": [0, 0, 0, 1],
					"texture": "#2"
				},
				"south": {
					"uv": [4.5, 10, 5.5, 11],
					"texture": "#2"
				},
				"west": {
					"uv": [0, 0, 0, 1],
					"texture": "#2"
				},
				"up": {
					"uv": [1, 0, 0, 0],
					"texture": "#2"
				},
				"down": {
					"uv": [1, 0, 0, 0],
					"texture": "#2"
				}
			}
		},
		{
			"from": [4.25, 4.75, 11.5],
			"to": [6.5, 7, 11.5],
			"rotation": {
				"angle": 0,
				"axis": "y",
				"origin": [1.5, 0, 14.5]
			},
			"faces": {
				"north": {
					"uv": [9.5, 9.5, 10.5, 10.5],
					"texture": "#2"
				},
				"east": {
					"uv": [0, 0, 0, 1],
					"texture": "#2"
				},
				"south": {
					"uv": [3.5, 10, 4.5, 11],
					"texture": "#2"
				},
				"west": {
					"uv": [0, 0, 0, 1],
					"texture": "#2"
				},
				"up": {
					"uv": [1, 0, 0, 0],
					"texture": "#2"
				},
				"down": {
					"uv": [1, 0, 0, 0],
					"texture": "#2"
				}
			}
		},
		{
			"from": [9.5, 4.75, 4],
			"to": [11.75, 7, 4],
			"rotation": {
				"angle": 0,
				"axis": "y",
				"origin": [6.5, 0, 7]
			},
			"faces": {
				"north": {
					"uv": [4.5, 9, 5.5, 10],
					"texture": "#2"
				},
				"east": {
					"uv": [0, 0, 0, 1],
					"texture": "#2"
				},
				"south": {
					"uv": [9, 4.5, 10, 5.5],
					"texture": "#2"
				},
				"west": {
					"uv": [0, 0, 0, 1],
					"texture": "#2"
				},
				"up": {
					"uv": [1, 0, 0, 0],
					"texture": "#2"
				},
				"down": {
					"uv": [1, 0, 0, 0],
					"texture": "#2"
				}
			}
		},
		{
			"from": [11.75, 10, 4],
			"to": [11.75, 12.25, 6.25],
			"rotation": {
				"angle": 0,
				"axis": "y",
				"origin": [6.75, 5, 7.25]
			},
			"faces": {
				"north": {
					"uv": [0, 0, 0, 1],
					"texture": "#2"
				},
				"east": {
					"uv": [7.5, 7.5, 8.5, 8.5],
					"texture": "#2"
				},
				"south": {
					"uv": [0, 0, 0, 1],
					"texture": "#2"
				},
				"west": {
					"uv": [3.5, 8, 4.5, 9],
					"texture": "#2"
				},
				"up": {
					"uv": [0, 1, 0, 0],
					"texture": "#2"
				},
				"down": {
					"uv": [0, 0, 0, 1],
					"texture": "#2"
				}
			}
		},
		{
			"from": [11.75, 10, 9.25],
			"to": [11.75, 12.25, 11.5],
			"rotation": {
				"angle": 0,
				"axis": "y",
				"origin": [6.75, 5, 12.25]
			},
			"faces": {
				"north": {
					"uv": [0, 0, 0, 1],
					"texture": "#2"
				},
				"east": {
					"uv": [8, 3.5, 9, 4.5],
					"texture": "#2"
				},
				"south": {
					"uv": [0, 0, 0, 1],
					"texture": "#2"
				},
				"west": {
					"uv": [4.5, 8, 5.5, 9],
					"texture": "#2"
				},
				"up": {
					"uv": [0, 1, 0, 0],
					"texture": "#2"
				},
				"down": {
					"uv": [0, 0, 0, 1],
					"texture": "#2"
				}
			}
		},
		{
			"from": [11.75, 4.75, 9.25],
			"to": [11.75, 7, 11.5],
			"rotation": {
				"angle": 0,
				"axis": "y",
				"origin": [6.75, 0, 12.25]
			},
			"faces": {
				"north": {
					"uv": [0, 0, 0, 1],
					"texture": "#2"
				},
				"east": {
					"uv": [8, 4.5, 9, 5.5],
					"texture": "#2"
				},
				"south": {
					"uv": [0, 0, 0, 1],
					"texture": "#2"
				},
				"west": {
					"uv": [5.5, 8, 6.5, 9],
					"texture": "#2"
				},
				"up": {
					"uv": [0, 1, 0, 0],
					"texture": "#2"
				},
				"down": {
					"uv": [0, 0, 0, 1],
					"texture": "#2"
				}
			}
		},
		{
			"from": [4.25, 10, 9.25],
			"to": [4.25, 12.25, 11.5],
			"rotation": {
				"angle": 0,
				"axis": "y",
				"origin": [-0.75, 5, 12.25]
			},
			"faces": {
				"north": {
					"uv": [0, 0, 0, 1],
					"texture": "#2"
				},
				"east": {
					"uv": [10.5, 6.5, 11.5, 7.5],
					"texture": "#2"
				},
				"south": {
					"uv": [0, 0, 0, 1],
					"texture": "#2"
				},
				"west": {
					"uv": [7.5, 10.5, 8.5, 11.5],
					"texture": "#2"
				},
				"up": {
					"uv": [0, 1, 0, 0],
					"texture": "#2"
				},
				"down": {
					"uv": [0, 0, 0, 1],
					"texture": "#2"
				}
			}
		},
		{
			"from": [4.25, 10, 4],
			"to": [4.25, 12.25, 6.25],
			"rotation": {
				"angle": 0,
				"axis": "y",
				"origin": [-0.75, 5, 7.25]
			},
			"faces": {
				"north": {
					"uv": [0, 0, 0, 1],
					"texture": "#2"
				},
				"east": {
					"uv": [2, 10.5, 3, 11.5],
					"texture": "#2"
				},
				"south": {
					"uv": [0, 0, 0, 1],
					"texture": "#2"
				},
				"west": {
					"uv": [10.5, 2, 11.5, 3],
					"texture": "#2"
				},
				"up": {
					"uv": [0, 1, 0, 0],
					"texture": "#2"
				},
				"down": {
					"uv": [0, 0, 0, 1],
					"texture": "#2"
				}
			}
		},
		{
			"from": [4.25, 4.75, 4],
			"to": [4.25, 7, 6.25],
			"rotation": {
				"angle": 0,
				"axis": "y",
				"origin": [-0.75, 0, 7.25]
			},
			"faces": {
				"north": {
					"uv": [0, 0, 0, 1],
					"texture": "#2"
				},
				"east": {
					"uv": [1, 10.5, 2, 11.5],
					"texture": "#2"
				},
				"south": {
					"uv": [0, 0, 0, 1],
					"texture": "#2"
				},
				"west": {
					"uv": [10.5, 1, 11.5, 2],
					"texture": "#2"
				},
				"up": {
					"uv": [0, 1, 0, 0],
					"texture": "#2"
				},
				"down": {
					"uv": [0, 0, 0, 1],
					"texture": "#2"
				}
			}
		},
		{
			"from": [4.25, 4.75, 9.25],
			"to": [4.25, 7, 11.5],
			"rotation": {
				"angle": 0,
				"axis": "y",
				"origin": [-0.75, 0, 12.25]
			},
			"faces": {
				"north": {
					"uv": [0, 0, 0, 1],
					"texture": "#2"
				},
				"east": {
					"uv": [0, 10.5, 1, 11.5],
					"texture": "#2"
				},
				"south": {
					"uv": [0, 0, 0, 1],
					"texture": "#2"
				},
				"west": {
					"uv": [10.5, 0, 11.5, 1],
					"texture": "#2"
				},
				"up": {
					"uv": [0, 1, 0, 0],
					"texture": "#2"
				},
				"down": {
					"uv": [0, 0, 0, 1],
					"texture": "#2"
				}
			}
		},
		{
			"from": [11.75, 4.75, 4],
			"to": [11.75, 7, 6.25],
			"rotation": {
				"angle": 0,
				"axis": "y",
				"origin": [6.75, 0, 7.25]
			},
			"faces": {
				"north": {
					"uv": [0, 0, 0, 1],
					"texture": "#2"
				},
				"east": {
					"uv": [8, 5.5, 9, 6.5],
					"texture": "#2"
				},
				"south": {
					"uv": [0, 0, 0, 1],
					"texture": "#2"
				},
				"west": {
					"uv": [6.5, 8, 7.5, 9],
					"texture": "#2"
				},
				"up": {
					"uv": [0, 1, 0, 0],
					"texture": "#2"
				},
				"down": {
					"uv": [0, 0, 0, 1],
					"texture": "#2"
				}
			}
		},
		{
			"from": [9.5, 12.25, 4],
			"to": [11.75, 12.25, 6.25],
			"rotation": {
				"angle": 0,
				"axis": "y",
				"origin": [6.5, 5.25, 2.25]
			},
			"faces": {
				"north": {
					"uv": [0, 0, 1, 0],
					"texture": "#2"
				},
				"east": {
					"uv": [0, 0, 1, 0],
					"texture": "#2"
				},
				"south": {
					"uv": [0, 0, 1, 0],
					"texture": "#2"
				},
				"west": {
					"uv": [0, 0, 1, 0],
					"texture": "#2"
				},
				"up": {
					"uv": [4.5, 8, 3.5, 7],
					"texture": "#2"
				},
				"down": {
					"uv": [8, 3.5, 7, 4.5],
					"texture": "#2"
				}
			}
		},
		{
			"from": [4.25, 12.25, 4],
			"to": [6.5, 12.25, 6.25],
			"rotation": {
				"angle": 0,
				"axis": "y",
				"origin": [1.5, 5.25, 2.25]
			},
			"faces": {
				"north": {
					"uv": [0, 0, 1, 0],
					"texture": "#2"
				},
				"east": {
					"uv": [0, 0, 1, 0],
					"texture": "#2"
				},
				"south": {
					"uv": [0, 0, 1, 0],
					"texture": "#2"
				},
				"west": {
					"uv": [0, 0, 1, 0],
					"texture": "#2"
				},
				"up": {
					"uv": [6.5, 8, 5.5, 7],
					"texture": "#2"
				},
				"down": {
					"uv": [8, 5.5, 7, 6.5],
					"texture": "#2"
				}
			}
		},
		{
			"from": [7.5, 4.75, 7.25],
			"to": [8.5, 4.75, 8.25],
			"rotation": {
				"angle": 0,
				"axis": "y",
				"origin": [3.5, -2.25, 5.25]
			},
			"faces": {
				"north": {
					"uv": [0, 0, 0.5, 0],
					"texture": "#2"
				},
				"east": {
					"uv": [0, 0, 0.5, 0],
					"texture": "#2"
				},
				"south": {
					"uv": [0, 0, 0.5, 0],
					"texture": "#2"
				},
				"west": {
					"uv": [0, 0, 0.5, 0],
					"texture": "#2"
				},
				"up": {
					"uv": [11, 3.5, 10.5, 3],
					"texture": "#2"
				},
				"down": {
					"uv": [11, 7.5, 10.5, 8],
					"texture": "#2"
				}
			}
		},
		{
			"from": [4.25, 4.75, 9.25],
			"to": [6.5, 4.75, 11.5],
			"rotation": {
				"angle": 0,
				"axis": "y",
				"origin": [1.5, -2.25, 7.25]
			},
			"faces": {
				"north": {
					"uv": [0, 0, 1, 0],
					"texture": "#2"
				},
				"east": {
					"uv": [0, 0, 1, 0],
					"texture": "#2"
				},
				"south": {
					"uv": [0, 0, 1, 0],
					"texture": "#2"
				},
				"west": {
					"uv": [0, 0, 1, 0],
					"texture": "#2"
				},
				"up": {
					"uv": [9.5, 10.5, 8.5, 9.5],
					"texture": "#2"
				},
				"down": {
					"uv": [10.5, 8.5, 9.5, 9.5],
					"texture": "#2"
				}
			}
		},
		{
			"from": [9.5, 4.75, 9.25],
			"to": [11.75, 4.75, 11.5],
			"rotation": {
				"angle": 0,
				"axis": "y",
				"origin": [6.5, -2.25, 7.25]
			},
			"faces": {
				"north": {
					"uv": [0, 0, 1, 0],
					"texture": "#2"
				},
				"east": {
					"uv": [0, 0, 1, 0],
					"texture": "#2"
				},
				"south": {
					"uv": [0, 0, 1, 0],
					"texture": "#2"
				},
				"west": {
					"uv": [0, 0, 1, 0],
					"texture": "#2"
				},
				"up": {
					"uv": [8.5, 10.5, 7.5, 9.5],
					"texture": "#2"
				},
				"down": {
					"uv": [10.5, 7.5, 9.5, 8.5],
					"texture": "#2"
				}
			}
		},
		{
			"from": [9.5, 4.75, 4],
			"to": [11.75, 4.75, 6.25],
			"rotation": {
				"angle": 0,
				"axis": "y",
				"origin": [6.5, -2.25, 2.25]
			},
			"faces": {
				"north": {
					"uv": [0, 0, 1, 0],
					"texture": "#2"
				},
				"east": {
					"uv": [0, 0, 1, 0],
					"texture": "#2"
				},
				"south": {
					"uv": [0, 0, 1, 0],
					"texture": "#2"
				},
				"west": {
					"uv": [0, 0, 1, 0],
					"texture": "#2"
				},
				"up": {
					"uv": [7.5, 10, 6.5, 9],
					"texture": "#2"
				},
				"down": {
					"uv": [10.5, 6.5, 9.5, 7.5],
					"texture": "#2"
				}
			}
		},
		{
			"from": [4.25, 4.75, 4],
			"to": [6.5, 4.75, 6.25],
			"rotation": {
				"angle": 0,
				"axis": "y",
				"origin": [1.5, -2.25, 2.25]
			},
			"faces": {
				"north": {
					"uv": [0, 0, 1, 0],
					"texture": "#2"
				},
				"east": {
					"uv": [0, 0, 1, 0],
					"texture": "#2"
				},
				"south": {
					"uv": [0, 0, 1, 0],
					"texture": "#2"
				},
				"west": {
					"uv": [0, 0, 1, 0],
					"texture": "#2"
				},
				"up": {
					"uv": [6.5, 10, 5.5, 9],
					"texture": "#2"
				},
				"down": {
					"uv": [10, 5.5, 9, 6.5],
					"texture": "#2"
				}
			}
		},
		{
			"from": [4.25, 12.25, 9.25],
			"to": [6.5, 12.25, 11.5],
			"rotation": {
				"angle": 0,
				"axis": "y",
				"origin": [1.5, 5.25, 7.25]
			},
			"faces": {
				"north": {
					"uv": [0, 0, 1, 0],
					"texture": "#2"
				},
				"east": {
					"uv": [0, 0, 1, 0],
					"texture": "#2"
				},
				"south": {
					"uv": [0, 0, 1, 0],
					"texture": "#2"
				},
				"west": {
					"uv": [0, 0, 1, 0],
					"texture": "#2"
				},
				"up": {
					"uv": [7.5, 8, 6.5, 7],
					"texture": "#2"
				},
				"down": {
					"uv": [8.5, 6.5, 7.5, 7.5],
					"texture": "#2"
				}
			}
		},
		{
			"from": [7.5, 12.25, 7.25],
			"to": [8.5, 12.25, 8.25],
			"rotation": {
				"angle": 0,
				"axis": "y",
				"origin": [3.5, 5.25, 5.25]
			},
			"faces": {
				"north": {
					"uv": [0, 0, 0.5, 0],
					"texture": "#2"
				},
				"east": {
					"uv": [0, 0, 0.5, 0],
					"texture": "#2"
				},
				"south": {
					"uv": [0, 0, 0.5, 0],
					"texture": "#2"
				},
				"west": {
					"uv": [0, 0, 0.5, 0],
					"texture": "#2"
				},
				"up": {
					"uv": [7.5, 7, 7, 6.5],
					"texture": "#2"
				},
				"down": {
					"uv": [3.5, 10.5, 3, 11],
					"texture": "#2"
				}
			}
		},
		{
			"from": [9.5, 12.25, 9.25],
			"to": [11.75, 12.25, 11.5],
			"rotation": {
				"angle": 0,
				"axis": "y",
				"origin": [6.5, 5.25, 7.25]
			},
			"faces": {
				"north": {
					"uv": [0, 0, 1, 0],
					"texture": "#2"
				},
				"east": {
					"uv": [0, 0, 1, 0],
					"texture": "#2"
				},
				"south": {
					"uv": [0, 0, 1, 0],
					"texture": "#2"
				},
				"west": {
					"uv": [0, 0, 1, 0],
					"texture": "#2"
				},
				"up": {
					"uv": [5.5, 8, 4.5, 7],
					"texture": "#2"
				},
				"down": {
					"uv": [8, 4.5, 7, 5.5],
					"texture": "#2"
				}
			}
		}
	]
}