{
	"textures": {
		"0": "animated_java:blueprint/cards_animation/cards",
		"particle": "minecraft:item/pufferfish"
	},
	"display": {
		"head": {
			"rotation": [0, 180, 0]
		}
	},
	"elements": [
		{
			"from": [8, 8, 10],
			"to": [15, 20, 10],
			"rotation": {
				"angle": 0,
				"axis": "y",
				"origin": [8, 8, 8]
			},
			"faces": {
				"north": {
					"uv": [0, 6, 3.5, 12],
					"texture": "#0"
				},
				"east": {
					"uv": [0, 0, 0, 6],
					"texture": "#0"
				},
				"south": {
					"uv": [3.5, 6, 7, 12],
					"texture": "#0"
				},
				"west": {
					"uv": [0, 0, 0, 6],
					"texture": "#0"
				},
				"up": {
					"uv": [3.5, 0, 0, 0],
					"texture": "#0"
				},
				"down": {
					"uv": [3.5, 0, 0, 0],
					"texture": "#0"
				}
			}
		}
	]
}