{
	"format_version": "1.21.6",
	"credit": "Made with Blockbench",
	"textures": {
		"0": "block/crimson_fungus",
		"particle": "block/crimson_fungus"
	},
	"elements": [
		{
			"from": [10, -2, 7],
			"to": [12, 1, 9],
			"rotation": {"angle": -35, "axis": "y", "origin": [10, -2, 9]},
			"faces": {
				"north": {"uv": [8, 8, 10, 12], "texture": "#0"},
				"east": {"uv": [10, 8, 12, 12], "texture": "#0"},
				"south": {"uv": [0, 12, 2, 16], "texture": "#0"},
				"west": {"uv": [6, 8, 8, 12], "texture": "#0"},
				"up": {"uv": [14, 2, 12, 0], "rotation": 270, "texture": "#0"},
				"down": {"uv": [4, 12, 2, 14], "rotation": 90, "texture": "#0"}
			}
		},
		{
			"from": [9.25, 1, 6.25],
			"to": [12.75, 2.5, 9.75],
			"rotation": {"angle": -35, "axis": "y", "origin": [10, 1, 9]},
			"faces": {
				"north": {"uv": [6, 2, 12, 4], "texture": "#0"},
				"east": {"uv": [6, 4, 12, 6], "texture": "#0"},
				"south": {"uv": [6, 6, 12, 8], "texture": "#0"},
				"west": {"uv": [6, 0, 12, 2], "texture": "#0"},
				"up": {"uv": [6, 6, 0, 0], "rotation": 270, "texture": "#0"},
				"down": {"uv": [6, 6, 0, 12], "rotation": 90, "texture": "#0"}
			}
		},
		{
			"from": [4.75, -0.5, 1],
			"to": [6.75, 2.5, 3],
			"rotation": {"angle": 20, "axis": "y", "origin": [6.75, -0.5, 1]},
			"faces": {
				"north": {"uv": [0, 12, 2, 16], "texture": "#0"},
				"east": {"uv": [6, 8, 8, 12], "texture": "#0"},
				"south": {"uv": [8, 8, 10, 12], "texture": "#0"},
				"west": {"uv": [10, 8, 12, 12], "texture": "#0"},
				"up": {"uv": [14, 2, 12, 0], "rotation": 90, "texture": "#0"},
				"down": {"uv": [4, 12, 2, 14], "rotation": 270, "texture": "#0"}
			}
		},
		{
			"from": [4, 2.5, 0.25],
			"to": [7.5, 4, 3.75],
			"rotation": {"angle": 20, "axis": "y", "origin": [6.75, 2.5, 1]},
			"faces": {
				"north": {"uv": [6, 6, 12, 8], "texture": "#0"},
				"east": {"uv": [6, 0, 12, 2], "texture": "#0"},
				"south": {"uv": [6, 2, 12, 4], "texture": "#0"},
				"west": {"uv": [6, 4, 12, 6], "texture": "#0"},
				"up": {"uv": [6, 6, 0, 0], "rotation": 90, "texture": "#0"},
				"down": {"uv": [6, 6, 0, 12], "rotation": 270, "texture": "#0"}
			}
		},
		{
			"from": [2, -1.25, 9],
			"to": [4, 1.75, 11],
			"rotation": {"angle": -5, "axis": "y", "origin": [2, -1.25, 9]},
			"faces": {
				"north": {"uv": [6, 8, 8, 12], "texture": "#0"},
				"east": {"uv": [8, 8, 10, 12], "texture": "#0"},
				"south": {"uv": [10, 8, 12, 12], "texture": "#0"},
				"west": {"uv": [0, 12, 2, 16], "texture": "#0"},
				"up": {"uv": [14, 2, 12, 0], "texture": "#0"},
				"down": {"uv": [4, 12, 2, 14], "texture": "#0"}
			}
		},
		{
			"from": [1.25, 1.75, 8.25],
			"to": [4.75, 3.25, 11.75],
			"rotation": {"angle": -5, "axis": "y", "origin": [2, 1.75, 9]},
			"faces": {
				"north": {"uv": [6, 0, 12, 2], "texture": "#0"},
				"east": {"uv": [6, 2, 12, 4], "texture": "#0"},
				"south": {"uv": [6, 4, 12, 6], "texture": "#0"},
				"west": {"uv": [6, 6, 12, 8], "texture": "#0"},
				"up": {"uv": [6, 6, 0, 0], "texture": "#0"},
				"down": {"uv": [6, 6, 0, 12], "texture": "#0"}
			}
		}
	],
	"display": {}
}