{
	"format_version": "1.21.6",
	"credit": "Made with Blockbench",
	"textures": {
		"0": "block/crimson_roots",
		"particle": "block/crimson_roots"
	},
	"elements": [
		{
			"from": [8, 0, 0],
			"to": [8, 15, 16],
			"rotation": {"angle": 45, "axis": "z", "origin": [8, 0, 7]},
			"faces": {
				"north": {"uv": [2, 1, 2, 16], "texture": "#0"},
				"east": {"uv": [0, 1, 16, 16], "texture": "#0"},
				"south": {"uv": [0, 1, 0, 16], "texture": "#0"},
				"west": {"uv": [0, 1, 16, 16], "texture": "#0"},
				"up": {"uv": [0, 0, 0, 16], "texture": "#0"},
				"down": {"uv": [0, 0, 0, 16], "texture": "#0"}
			}
		},
		{
			"from": [0, 0, 9],
			"to": [16, 17, 9],
			"rotation": {"angle": -30, "axis": "y", "origin": [9, 0, 9]},
			"faces": {
				"north": {"uv": [0, 0, 16, 16], "texture": "#0"},
				"east": {"uv": [2, 0, 2, 16], "texture": "#0"},
				"south": {"uv": [0, 0, 16, 16], "texture": "#0"},
				"west": {"uv": [0, 0, 0, 16], "texture": "#0"},
				"up": {"uv": [0, 0, 0, 16], "rotation": 90, "texture": "#0"},
				"down": {"uv": [0, 0, 0, 16], "rotation": 270, "texture": "#0"}
			}
		},
		{
			"from": [8, 0, 0],
			"to": [8, 15, 16],
			"rotation": {"angle": -45, "axis": "z", "origin": [8, 0, 7]},
			"faces": {
				"north": {"uv": [2, 1, 2, 16], "texture": "#0"},
				"east": {"uv": [0, 1, 16, 16], "texture": "#0"},
				"south": {"uv": [0, 1, 0, 16], "texture": "#0"},
				"west": {"uv": [0, 1, 16, 16], "texture": "#0"},
				"up": {"uv": [0, 0, 0, 16], "texture": "#0"},
				"down": {"uv": [0, 0, 0, 16], "texture": "#0"}
			}
		}
	],
	"display": {}
}