{
	"format_version": "1.21.6",
	"credit": "Made with Blockbench",
	"textures": {
		"0": "block/crimson_roots",
		"particle": "block/crimson_roots"
	},
	"elements": [
		{
			"from": [8, 0, 0],
			"to": [8, 18, 16],
			"rotation": {"angle": 11.24849, "axis": "z", "origin": [8, 0, 0]},
			"faces": {
				"north": {"uv": [2, 0, 2, 16], "texture": "#0"},
				"east": {"uv": [0, 0, 16, 16], "texture": "#0"},
				"south": {"uv": [0, 0, 0, 16], "texture": "#0"},
				"west": {"uv": [0, 0, 16, 16], "texture": "#0"},
				"up": {"uv": [0, 0, 0, 16], "texture": "#0"},
				"down": {"uv": [0, 0, 0, 16], "texture": "#0"}
			}
		},
		{
			"from": [8, 0, 2],
			"to": [8, 18, 18],
			"rotation": {"angle": -42.5, "axis": "y", "origin": [8, 0, 18]},
			"faces": {
				"north": {"uv": [0, 0, 0, 16], "texture": "#0"},
				"east": {"uv": [0, 0, 16, 16], "texture": "#0"},
				"south": {"uv": [2, 0, 2, 16], "texture": "#0"},
				"west": {"uv": [0, 0, 16, 16], "texture": "#0"},
				"up": {"uv": [0, 0, 0, 16], "rotation": 180, "texture": "#0"},
				"down": {"uv": [0, 0, 0, 16], "rotation": 180, "texture": "#0"}
			}
		},
		{
			"from": [11, 0, 3],
			"to": [11, 18, 19],
			"rotation": {"angle": -45, "axis": "y", "origin": [11, 0, 3]},
			"faces": {
				"north": {"uv": [2, 0, 2, 16], "texture": "#0"},
				"east": {"uv": [0, 0, 16, 16], "texture": "#0"},
				"south": {"uv": [0, 0, 0, 16], "texture": "#0"},
				"west": {"uv": [0, 0, 16, 16], "texture": "#0"},
				"up": {"uv": [0, 0, 0, 16], "texture": "#0"},
				"down": {"uv": [0, 0, 0, 16], "texture": "#0"}
			}
		},
		{
			"from": [4, 0, 2],
			"to": [4, 18, 18],
			"rotation": {"angle": 22.5, "axis": "y", "origin": [4, 0, 18]},
			"faces": {
				"north": {"uv": [0, 0, 0, 16], "texture": "#0"},
				"east": {"uv": [0, 0, 16, 16], "texture": "#0"},
				"south": {"uv": [2, 0, 2, 16], "texture": "#0"},
				"west": {"uv": [0, 0, 16, 16], "texture": "#0"},
				"up": {"uv": [0, 0, 0, 16], "rotation": 180, "texture": "#0"},
				"down": {"uv": [0, 0, 0, 16], "rotation": 180, "texture": "#0"}
			}
		},
		{
			"from": [-1, 0, 1],
			"to": [15, 18, 1],
			"rotation": {"angle": 0, "axis": "x", "origin": [15, 0, 1]},
			"faces": {
				"north": {"uv": [0, 0, 16, 16], "texture": "#0"},
				"east": {"uv": [2, 0, 2, 16], "texture": "#0"},
				"south": {"uv": [0, 0, 16, 16], "texture": "#0"},
				"west": {"uv": [0, 0, 0, 16], "texture": "#0"},
				"up": {"uv": [0, 0, 0, 16], "rotation": 90, "texture": "#0"},
				"down": {"uv": [0, 0, 0, 16], "rotation": 270, "texture": "#0"}
			}
		}
	],
	"display": {}
}