{
	"format_version": "1.21.6",
	"credit": "Made with Blockbench",
	"textures": {
		"0": "block/crimson_fungus",
		"particle": "block/crimson_fungus"
	},
	"elements": [
		{
			"from": [7, 0, 7],
			"to": [9, 4, 9],
			"rotation": {"angle": 0, "axis": "y", "origin": [7, 0, 7]},
			"faces": {
				"north": {"uv": [6, 8, 8, 12], "texture": "#0"},
				"east": {"uv": [8, 8, 10, 12], "texture": "#0"},
				"south": {"uv": [10, 8, 12, 12], "texture": "#0"},
				"west": {"uv": [0, 12, 2, 16], "texture": "#0"},
				"up": {"uv": [14, 2, 12, 0], "texture": "#0"},
				"down": {"uv": [4, 12, 2, 14], "texture": "#0"}
			}
		},
		{
			"from": [5, 4, 5],
			"to": [11, 6, 11],
			"rotation": {"angle": 0, "axis": "y", "origin": [7, 4, 7]},
			"faces": {
				"north": {"uv": [6, 0, 12, 2], "texture": "#0"},
				"east": {"uv": [6, 2, 12, 4], "texture": "#0"},
				"south": {"uv": [6, 4, 12, 6], "texture": "#0"},
				"west": {"uv": [6, 6, 12, 8], "texture": "#0"},
				"up": {"uv": [6, 6, 0, 0], "texture": "#0"},
				"down": {"uv": [6, 6, 0, 12], "texture": "#0"}
			}
		}
	],
	"display": {}
}