{
	"format_version": "1.21.6",
	"credit": "Made with Blockbench",
	"textures": {
		"0": "block/bone_skin",
		"particle": "block/bone_skin"
	},
	"elements": [
		{
			"from": [7, -1, 2],
			"to": [9, 9, 4],
			"rotation": {"angle": -12.5, "axis": "x", "origin": [7, -1, 2]},
			"faces": {
				"north": {"uv": [0, 0, 2, 10], "texture": "#0"},
				"east": {"uv": [0, 0, 2, 10], "texture": "#0"},
				"south": {"uv": [0, 0, 2, 10], "texture": "#0"},
				"west": {"uv": [0, 0, 2, 10], "texture": "#0"},
				"up": {"uv": [0, 0, 2, 2], "texture": "#0"},
				"down": {"uv": [0, 0, 2, 2], "texture": "#0"}
			}
		},
		{
			"from": [3, -1, 15],
			"to": [5, 9, 17],
			"rotation": {"angle": 12.5, "axis": "z", "origin": [3, -1, 15]},
			"faces": {
				"north": {"uv": [0, 0, 2, 10], "texture": "#0"},
				"east": {"uv": [2, 0, 4, 10], "texture": "#0"},
				"south": {"uv": [4, 0, 6, 10], "texture": "#0"},
				"west": {"uv": [6, 0, 8, 10], "texture": "#0"},
				"up": {"uv": [10, 2, 8, 0], "texture": "#0"},
				"down": {"uv": [10, 2, 8, 4], "texture": "#0"}
			}
		}
	]
}