{
	"format_version": "1.21.6",
	"credit": "Made with Blockbench",
	"textures": {
		"0": "block/bone_skin",
		"particle": "block/bone_skin"
	},
	"elements": [
		{
			"from": [3, 0, 5],
			"to": [5, 2, 15],
			"rotation": {"angle": 40, "axis": "y", "origin": [5, 2, 5]},
			"faces": {
				"north": {"uv": [10, 2, 8, 4], "rotation": 90, "texture": "#0"},
				"east": {"uv": [0, 0, 2, 10], "rotation": 270, "texture": "#0"},
				"south": {"uv": [10, 2, 8, 0], "rotation": 90, "texture": "#0"},
				"west": {"uv": [4, 0, 6, 10], "rotation": 90, "texture": "#0"},
				"up": {"uv": [6, 0, 8, 10], "rotation": 180, "texture": "#0"},
				"down": {"uv": [2, 0, 4, 10], "texture": "#0"}
			}
		},
		{
			"from": [0, 0, 8],
			"to": [10, 2, 10],
			"rotation": {"angle": 12.5, "axis": "z", "origin": [0, 2, 8]},
			"faces": {
				"north": {"uv": [0, 0, 2, 10], "rotation": 270, "texture": "#0"},
				"east": {"uv": [10, 2, 8, 0], "rotation": 90, "texture": "#0"},
				"south": {"uv": [4, 0, 6, 10], "rotation": 90, "texture": "#0"},
				"west": {"uv": [10, 2, 8, 4], "rotation": 90, "texture": "#0"},
				"up": {"uv": [6, 0, 8, 10], "rotation": 90, "texture": "#0"},
				"down": {"uv": [2, 0, 4, 10], "rotation": 90, "texture": "#0"}
			}
		}
	]
}