{
	"format_version": "1.21.6",
	"credit": "Made with Blockbench",
	"texture_size": [32, 32],
	"textures": {
		"1": "block/brown_mushroom_tree"
	},
	"elements": [
		{
			"from": [2, 2, 0],
			"to": [8, 2, 4],
			"rotation": {"angle": 0, "axis": "y", "origin": [6, 0, 0]},
			"faces": {
				"north": {"uv": [0, 0, 3, 0], "texture": "#1"},
				"east": {"uv": [0, 0, 2, 0], "texture": "#1"},
				"south": {"uv": [0, 0, 3, 0], "texture": "#1"},
				"west": {"uv": [0, 0, 2, 0], "texture": "#1"},
				"up": {"uv": [5.5, 2, 2.5, 0], "texture": "#1"},
				"down": {"uv": [5.5, 2, 2.5, 4], "texture": "#1"}
			}
		},
		{
			"from": [8, 5, 0],
			"to": [14, 5, 3],
			"rotation": {"angle": 0, "axis": "y", "origin": [12, 3, 0]},
			"faces": {
				"north": {"uv": [0, 0, 3, 0], "texture": "#1"},
				"east": {"uv": [0, 0, 1.5, 0], "texture": "#1"},
				"south": {"uv": [0, 0, 3, 0], "texture": "#1"},
				"west": {"uv": [0, 0, 1.5, 0], "texture": "#1"},
				"up": {"uv": [8, 5.5, 5, 4], "texture": "#1"},
				"down": {"uv": [8.5, 0, 5.5, 1.5], "texture": "#1"}
			}
		},
		{
			"from": [4, 7, 0],
			"to": [9, 7, 4],
			"rotation": {"angle": 0, "axis": "y", "origin": [8, 5, 0]},
			"faces": {
				"north": {"uv": [0, 0, 2.5, 0], "texture": "#1"},
				"east": {"uv": [0, 0, 2, 0], "texture": "#1"},
				"south": {"uv": [0, 0, 2.5, 0], "texture": "#1"},
				"west": {"uv": [0, 0, 2, 0], "texture": "#1"},
				"up": {"uv": [5, 6, 2.5, 4], "texture": "#1"},
				"down": {"uv": [2.5, 5, 0, 7], "texture": "#1"}
			}
		},
		{
			"from": [8, 12, 0],
			"to": [13, 12, 5],
			"rotation": {"angle": 0, "axis": "y", "origin": [11, 10, 0]},
			"faces": {
				"north": {"uv": [0, 0, 2.5, 0], "texture": "#1"},
				"east": {"uv": [0, 0, 2.5, 0], "texture": "#1"},
				"south": {"uv": [0, 0, 2.5, 0], "texture": "#1"},
				"west": {"uv": [0, 0, 2.5, 0], "texture": "#1"},
				"up": {"uv": [2.5, 2.5, 0, 0], "texture": "#1"},
				"down": {"uv": [2.5, 2.5, 0, 5], "texture": "#1"}
			}
		},
		{
			"from": [1, 10, 0],
			"to": [6, 10, 3],
			"rotation": {"angle": 0, "axis": "y", "origin": [4, 8, 0]},
			"faces": {
				"north": {"uv": [0, 0, 2.5, 0], "texture": "#1"},
				"east": {"uv": [0, 0, 1.5, 0], "texture": "#1"},
				"south": {"uv": [0, 0, 2.5, 0], "texture": "#1"},
				"west": {"uv": [0, 0, 1.5, 0], "texture": "#1"},
				"up": {"uv": [8, 3, 5.5, 1.5], "texture": "#1"},
				"down": {"uv": [7.5, 5.5, 5, 7], "texture": "#1"}
			}
		}
	],
	"display": {
		"gui": {
			"rotation": [27, -35, 0],
			"translation": [-3.25, -2, 0]
		}
	}
}