{
	"format_version": "1.21.6",
	"credit": "Made with Blockbench",
	"texture_size": [32, 32],
	"textures": {
		"0": "block/tall_gray_grass",
		"particle": "block/tall_gray_grass"
	},
	"elements": [
		{
			"from": [3, 0, 2],
			"to": [3, 16, 18],
			"rotation": {"angle": 45, "axis": "y", "origin": [3, 0, 2]},
			"faces": {
				"north": {"uv": [1, 0, 1, 8], "texture": "#0"},
				"east": {"uv": [8, 0, 0, 8], "texture": "#0"},
				"south": {"uv": [0, 0, 0, 8], "texture": "#0"},
				"west": {"uv": [0, 0, 8, 8], "texture": "#0"},
				"up": {"uv": [0, 0, 0, 8], "texture": "#0"},
				"down": {"uv": [0, 0, 0, 8], "texture": "#0"}
			}
		},
		{
			"from": [11.5, 0, 9.75],
			"to": [27.5, 16, 9.75],
			"rotation": {"angle": 20, "axis": "y", "origin": [11.5, 0, 9.75]},
			"faces": {
				"north": {"uv": [8, 0, 0, 8], "texture": "#0"},
				"east": {"uv": [0, 0, 0, 8], "texture": "#0"},
				"south": {"uv": [0, 0, 8, 8], "texture": "#0"},
				"west": {"uv": [0, 0, 0, 8], "texture": "#0"},
				"up": {"uv": [0, 8, 0, 0], "rotation": 90, "texture": "#0"},
				"down": {"uv": [0, 0, 0, 8], "rotation": 270, "texture": "#0"}
			}
		},
		{
			"from": [12, 0, -3],
			"to": [12, 16, 13],
			"rotation": {"angle": 17.5, "axis": "y", "origin": [12, 0, -3]},
			"faces": {
				"north": {"uv": [1, 0, 1, 8], "texture": "#0"},
				"east": {"uv": [8, 0, 0, 8], "texture": "#0"},
				"south": {"uv": [0, 0, 0, 8], "texture": "#0"},
				"west": {"uv": [0, 0, 8, 8], "texture": "#0"},
				"up": {"uv": [0, 0, 0, 8], "texture": "#0"},
				"down": {"uv": [0, 0, 0, 8], "texture": "#0"}
			}
		},
		{
			"from": [7.5, 0, 21.75],
			"to": [23.5, 16, 21.75],
			"rotation": {"angle": 42.5, "axis": "y", "origin": [7.5, 0, 21.75]},
			"faces": {
				"north": {"uv": [8, 0, 0, 8], "texture": "#0"},
				"east": {"uv": [0, 0, 0, 8], "texture": "#0"},
				"south": {"uv": [0, 0, 8, 8], "texture": "#0"},
				"west": {"uv": [0, 0, 0, 8], "texture": "#0"},
				"up": {"uv": [0, 8, 0, 0], "rotation": 90, "texture": "#0"},
				"down": {"uv": [0, 0, 0, 8], "rotation": 270, "texture": "#0"}
			}
		},
		{
			"from": [8, 0, 9],
			"to": [8, 16, 25],
			"rotation": {"angle": 40, "axis": "y", "origin": [8, 0, 9]},
			"faces": {
				"north": {"uv": [1, 0, 1, 8], "texture": "#0"},
				"east": {"uv": [8, 0, 0, 8], "texture": "#0"},
				"south": {"uv": [0, 0, 0, 8], "texture": "#0"},
				"west": {"uv": [0, 0, 8, 8], "texture": "#0"},
				"up": {"uv": [0, 0, 0, 8], "texture": "#0"},
				"down": {"uv": [0, 0, 0, 8], "texture": "#0"}
			}
		},
		{
			"from": [2.5, 0, -1.25],
			"to": [2.5, 16, 14.75],
			"rotation": {"angle": -42.5, "axis": "y", "origin": [2.5, 0, 14.75]},
			"faces": {
				"north": {"uv": [0, 0, 0, 8], "texture": "#0"},
				"east": {"uv": [0, 0, 8, 8], "texture": "#0"},
				"south": {"uv": [0, 0, 0, 8], "texture": "#0"},
				"west": {"uv": [8, 0, 0, 8], "texture": "#0"},
				"up": {"uv": [0, 8, 0, 0], "texture": "#0"},
				"down": {"uv": [0, 0, 0, 8], "texture": "#0"}
			}
		}
	]
}