{
	"textures": {
		"0": "animated_java:blueprint/krest/krestlight",
		"1": "animated_java:blueprint/krest/krest",
		"particle": "minecraft:item/pufferfish"
	},
	"display": {
		"head": {
			"rotation": [0, 180, 0]
		}
	},
	"elements": [
		{
			"from": [7, 0, 7],
			"to": [9, 13, 8.35],
			"rotation": {
				"angle": 0,
				"axis": "y",
				"origin": [7, 0, 7]
			},
			"faces": {
				"north": {
					"uv": [0, 0, 2, 13],
					"texture": "#1"
				},
				"east": {
					"uv": [4, 0, 5, 13],
					"texture": "#1"
				},
				"south": {
					"uv": [2, 0, 4, 13],
					"texture": "#1"
				},
				"west": {
					"uv": [5, 0, 6, 13],
					"texture": "#1"
				},
				"up": {
					"uv": [11, 8, 9, 7],
					"texture": "#1"
				},
				"down": {
					"uv": [10, 9, 8, 10],
					"texture": "#1"
				}
			}
		},
		{
			"from": [6.8, -0.2, 6.8],
			"to": [9.2, -0.2, 8.55],
			"rotation": {
				"angle": 0,
				"axis": "y",
				"origin": [7, -0.2, 7]
			},
			"faces": {
				"north": {
					"uv": [0, 0, 1, 0],
					"texture": "#0"
				},
				"east": {
					"uv": [0, 0, 1, 0],
					"texture": "#0"
				},
				"south": {
					"uv": [0, 0, 1, 0],
					"texture": "#0"
				},
				"west": {
					"uv": [0, 0, 1, 0],
					"texture": "#0"
				},
				"up": {
					"uv": [6, 8.5, 5, 7.5],
					"texture": "#0"
				},
				"down": {
					"uv": [8, 9.5, 7, 10.5],
					"texture": "#0"
				}
			}
		},
		{
			"from": [6.8, 13.2, 6.8],
			"to": [9.2, 13.2, 8.55],
			"rotation": {
				"angle": 0,
				"axis": "y",
				"origin": [7, 0.2, 7]
			},
			"faces": {
				"north": {
					"uv": [0, 0, 1, 0],
					"texture": "#0"
				},
				"east": {
					"uv": [0, 0, 1, 0],
					"texture": "#0"
				},
				"south": {
					"uv": [0, 0, 1, 0],
					"texture": "#0"
				},
				"west": {
					"uv": [0, 0, 1, 0],
					"texture": "#0"
				},
				"up": {
					"uv": [13.5, 11.5, 12.5, 10.5],
					"texture": "#0"
				},
				"down": {
					"uv": [9, 8, 8, 9],
					"texture": "#0"
				}
			}
		},
		{
			"from": [6.8, -0.2, 6.8],
			"to": [6.8, 7.825, 8.55],
			"rotation": {
				"angle": 0,
				"axis": "y",
				"origin": [6.8, 0, 7]
			},
			"faces": {
				"north": {
					"uv": [0, 0, 0, 6.5],
					"texture": "#0"
				},
				"east": {
					"uv": [6, 0, 7, 6.5],
					"texture": "#0"
				},
				"south": {
					"uv": [0, 0, 0, 6.5],
					"texture": "#0"
				},
				"west": {
					"uv": [0, 6.5, 1, 13],
					"texture": "#0"
				},
				"up": {
					"uv": [0, 1, 0, 0],
					"texture": "#0"
				},
				"down": {
					"uv": [0, 0, 0, 1],
					"texture": "#0"
				}
			}
		},
		{
			"from": [9.2, -0.2, 6.8],
			"to": [9.2, 7.825, 8.55],
			"rotation": {
				"angle": 0,
				"axis": "y",
				"origin": [7.2, 0, 7]
			},
			"faces": {
				"north": {
					"uv": [0, 0, 0, 6.5],
					"texture": "#0"
				},
				"east": {
					"uv": [2, 0, 3, 6.5],
					"texture": "#0"
				},
				"south": {
					"uv": [0, 0, 0, 6.5],
					"texture": "#0"
				},
				"west": {
					"uv": [3, 0, 4, 6.5],
					"texture": "#0"
				},
				"up": {
					"uv": [0, 1, 0, 0],
					"texture": "#0"
				},
				"down": {
					"uv": [0, 0, 0, 1],
					"texture": "#0"
				}
			}
		},
		{
			"from": [6.8, -0.2, 8.55],
			"to": [9.2, 8.1, 8.55],
			"rotation": {
				"angle": 0,
				"axis": "y",
				"origin": [7, 0, 7.2]
			},
			"faces": {
				"north": {
					"uv": [0, 0, 1, 6.5],
					"texture": "#0"
				},
				"east": {
					"uv": [0, 0, 0, 6.5],
					"texture": "#0"
				},
				"south": {
					"uv": [1, 0, 2, 6.5],
					"texture": "#0"
				},
				"west": {
					"uv": [0, 0, 0, 6.5],
					"texture": "#0"
				},
				"up": {
					"uv": [1, 0, 0, 0],
					"texture": "#0"
				},
				"down": {
					"uv": [1, 0, 0, 0],
					"texture": "#0"
				}
			}
		},
		{
			"from": [6.8, -0.2, 6.8],
			"to": [9.2, 8.1, 6.8],
			"rotation": {
				"angle": 0,
				"axis": "y",
				"origin": [7, 0, 6.8]
			},
			"faces": {
				"north": {
					"uv": [4, 0, 5, 6.5],
					"texture": "#0"
				},
				"east": {
					"uv": [0, 0, 0, 6.5],
					"texture": "#0"
				},
				"south": {
					"uv": [5, 0, 6, 6.5],
					"texture": "#0"
				},
				"west": {
					"uv": [0, 0, 0, 6.5],
					"texture": "#0"
				},
				"up": {
					"uv": [1, 0, 0, 0],
					"texture": "#0"
				},
				"down": {
					"uv": [1, 0, 0, 0],
					"texture": "#0"
				}
			}
		},
		{
			"from": [6.8, 9.9, 8.55],
			"to": [9.2, 13.2, 8.55],
			"rotation": {
				"angle": 0,
				"axis": "y",
				"origin": [7, 5, 7.2]
			},
			"faces": {
				"north": {
					"uv": [0, 0, 1, 6.5],
					"texture": "#0"
				},
				"east": {
					"uv": [0, 0, 0, 6.5],
					"texture": "#0"
				},
				"south": {
					"uv": [1, 0, 2, 6.5],
					"texture": "#0"
				},
				"west": {
					"uv": [0, 0, 0, 6.5],
					"texture": "#0"
				},
				"up": {
					"uv": [1, 0, 0, 0],
					"texture": "#0"
				},
				"down": {
					"uv": [1, 0, 0, 0],
					"texture": "#0"
				}
			}
		},
		{
			"from": [9.2, 10.225, 6.8],
			"to": [9.2, 13.2, 8.55],
			"rotation": {
				"angle": 0,
				"axis": "y",
				"origin": [7.2, 5, 7]
			},
			"faces": {
				"north": {
					"uv": [0, 0, 0, 6.5],
					"texture": "#0"
				},
				"east": {
					"uv": [2, 0, 3, 6.5],
					"texture": "#0"
				},
				"south": {
					"uv": [0, 0, 0, 6.5],
					"texture": "#0"
				},
				"west": {
					"uv": [3, 0, 4, 6.5],
					"texture": "#0"
				},
				"up": {
					"uv": [0, 1, 0, 0],
					"texture": "#0"
				},
				"down": {
					"uv": [0, 0, 0, 1],
					"texture": "#0"
				}
			}
		},
		{
			"from": [6.8, 10.225, 6.8],
			"to": [6.8, 13.2, 8.55],
			"rotation": {
				"angle": 0,
				"axis": "y",
				"origin": [6.8, 5, 7]
			},
			"faces": {
				"north": {
					"uv": [0, 0, 0, 6.5],
					"texture": "#0"
				},
				"east": {
					"uv": [6, 0, 7, 6.5],
					"texture": "#0"
				},
				"south": {
					"uv": [0, 0, 0, 6.5],
					"texture": "#0"
				},
				"west": {
					"uv": [0, 6.5, 1, 13],
					"texture": "#0"
				},
				"up": {
					"uv": [0, 1, 0, 0],
					"texture": "#0"
				},
				"down": {
					"uv": [0, 0, 0, 1],
					"texture": "#0"
				}
			}
		},
		{
			"from": [6.8, 9.9, 6.8],
			"to": [9.2, 13.2, 6.8],
			"rotation": {
				"angle": 0,
				"axis": "y",
				"origin": [7, 5, 6.8]
			},
			"faces": {
				"north": {
					"uv": [4, 0, 5, 6.5],
					"texture": "#0"
				},
				"east": {
					"uv": [0, 0, 0, 6.5],
					"texture": "#0"
				},
				"south": {
					"uv": [5, 0, 6, 6.5],
					"texture": "#0"
				},
				"west": {
					"uv": [0, 0, 0, 6.5],
					"texture": "#0"
				},
				"up": {
					"uv": [1, 0, 0, 0],
					"texture": "#0"
				},
				"down": {
					"uv": [1, 0, 0, 0],
					"texture": "#0"
				}
			}
		},
		{
			"from": [3.725, 8.025, 7],
			"to": [7, 10.025, 8.35],
			"rotation": {
				"angle": 0,
				"axis": "y",
				"origin": [5, -1.975, 7]
			},
			"faces": {
				"north": {
					"uv": [6, 4, 9, 6],
					"texture": "#1"
				},
				"east": {
					"uv": [6, 9, 7, 11],
					"texture": "#1"
				},
				"south": {
					"uv": [6, 6, 9, 8],
					"texture": "#1"
				},
				"west": {
					"uv": [7, 9, 8, 11],
					"texture": "#1"
				},
				"up": {
					"uv": [12, 2, 9, 1],
					"texture": "#1"
				},
				"down": {
					"uv": [12, 2, 9, 3],
					"texture": "#1"
				}
			}
		},
		{
			"from": [3.525, 7.825, 6.8],
			"to": [3.525, 10.225, 8.55],
			"rotation": {
				"angle": 0,
				"axis": "y",
				"origin": [4.8, -1.975, 7]
			},
			"faces": {
				"north": {
					"uv": [0, 0, 0, 1],
					"texture": "#0"
				},
				"east": {
					"uv": [3, 7.5, 4, 8.5],
					"texture": "#0"
				},
				"south": {
					"uv": [0, 0, 0, 1],
					"texture": "#0"
				},
				"west": {
					"uv": [4, 7.5, 5, 8.5],
					"texture": "#0"
				},
				"up": {
					"uv": [0, 1, 0, 0],
					"texture": "#0"
				},
				"down": {
					"uv": [0, 0, 0, 1],
					"texture": "#0"
				}
			}
		},
		{
			"from": [9, 8.025, 7],
			"to": [12.375, 10.025, 8.35],
			"rotation": {
				"angle": 0,
				"axis": "y",
				"origin": [10, -1.975, 7]
			},
			"faces": {
				"north": {
					"uv": [6, 0, 9, 2],
					"texture": "#1"
				},
				"east": {
					"uv": [9, 3, 10, 5],
					"texture": "#1"
				},
				"south": {
					"uv": [6, 2, 9, 4],
					"texture": "#1"
				},
				"west": {
					"uv": [9, 5, 10, 7],
					"texture": "#1"
				},
				"up": {
					"uv": [9, 9, 6, 8],
					"texture": "#1"
				},
				"down": {
					"uv": [12, 0, 9, 1],
					"texture": "#1"
				}
			}
		},
		{
			"from": [12.575, 7.825, 6.8],
			"to": [12.575, 10.225, 8.55],
			"rotation": {
				"angle": 0,
				"axis": "y",
				"origin": [10.2, -1.975, 7]
			},
			"faces": {
				"north": {
					"uv": [0, 0, 0, 1],
					"texture": "#0"
				},
				"east": {
					"uv": [1, 7.5, 2, 8.5],
					"texture": "#0"
				},
				"south": {
					"uv": [0, 0, 0, 1],
					"texture": "#0"
				},
				"west": {
					"uv": [2, 7.5, 3, 8.5],
					"texture": "#0"
				},
				"up": {
					"uv": [0, 1, 0, 0],
					"texture": "#0"
				},
				"down": {
					"uv": [0, 0, 0, 1],
					"texture": "#0"
				}
			}
		},
		{
			"from": [9, 7.825, 8.55],
			"to": [12.575, 10.225, 8.55],
			"rotation": {
				"angle": 0,
				"axis": "y",
				"origin": [10, -1.975, 7.2]
			},
			"faces": {
				"north": {
					"uv": [4, 6.5, 5.5, 7.5],
					"texture": "#0"
				},
				"east": {
					"uv": [0, 0, 0, 1],
					"texture": "#0"
				},
				"south": {
					"uv": [5.5, 6.5, 7, 7.5],
					"texture": "#0"
				},
				"west": {
					"uv": [0, 0, 0, 1],
					"texture": "#0"
				},
				"up": {
					"uv": [1.5, 0, 0, 0],
					"texture": "#0"
				},
				"down": {
					"uv": [1.5, 0, 0, 0],
					"texture": "#0"
				}
			}
		},
		{
			"from": [9, 7.825, 6.8],
			"to": [12.575, 10.225, 6.8],
			"rotation": {
				"angle": 0,
				"axis": "y",
				"origin": [10, -1.975, 6.8]
			},
			"faces": {
				"north": {
					"uv": [7, 4, 8.5, 5],
					"texture": "#0"
				},
				"east": {
					"uv": [0, 0, 0, 1],
					"texture": "#0"
				},
				"south": {
					"uv": [7, 5, 8.5, 6],
					"texture": "#0"
				},
				"west": {
					"uv": [0, 0, 0, 1],
					"texture": "#0"
				},
				"up": {
					"uv": [1.5, 0, 0, 0],
					"texture": "#0"
				},
				"down": {
					"uv": [1.5, 0, 0, 0],
					"texture": "#0"
				}
			}
		},
		{
			"from": [3.5, 7.825, 6.8],
			"to": [6.8, 7.825, 8.55],
			"rotation": {
				"angle": 0,
				"axis": "y",
				"origin": [4.5, -2.175, 7]
			},
			"faces": {
				"north": {
					"uv": [6, 0, 9, 2],
					"texture": "#0"
				},
				"east": {
					"uv": [9, 3, 10, 5],
					"texture": "#0"
				},
				"south": {
					"uv": [6, 2, 9, 4],
					"texture": "#0"
				},
				"west": {
					"uv": [9, 5, 10, 7],
					"texture": "#0"
				},
				"up": {
					"uv": [9, 9, 6, 8],
					"texture": "#0"
				},
				"down": {
					"uv": [12, 0, 9, 1],
					"texture": "#0"
				}
			}
		},
		{
			"from": [3.5, 7.825, 8.55],
			"to": [6.975, 10.225, 8.55],
			"rotation": {
				"angle": 0,
				"axis": "y",
				"origin": [4.5, -1.975, 7.2]
			},
			"faces": {
				"north": {
					"uv": [7, 2, 8.5, 3],
					"texture": "#0"
				},
				"east": {
					"uv": [0, 0, 0, 1],
					"texture": "#0"
				},
				"south": {
					"uv": [7, 3, 8.5, 4],
					"texture": "#0"
				},
				"west": {
					"uv": [0, 0, 0, 1],
					"texture": "#0"
				},
				"up": {
					"uv": [1.5, 0, 0, 0],
					"texture": "#0"
				},
				"down": {
					"uv": [1.5, 0, 0, 0],
					"texture": "#0"
				}
			}
		},
		{
			"from": [3.5, 10.225, 6.8],
			"to": [6.8, 10.225, 8.55],
			"rotation": {
				"angle": 0,
				"axis": "y",
				"origin": [4.5, -1.775, 7]
			},
			"faces": {
				"north": {
					"uv": [0, 0, 1.5, 0],
					"texture": "#0"
				},
				"east": {
					"uv": [0, 0, 1, 0],
					"texture": "#0"
				},
				"south": {
					"uv": [0, 0, 1.5, 0],
					"texture": "#0"
				},
				"west": {
					"uv": [0, 0, 1, 0],
					"texture": "#0"
				},
				"up": {
					"uv": [8.5, 1, 7, 0],
					"texture": "#0"
				},
				"down": {
					"uv": [8.5, 1, 7, 2],
					"texture": "#0"
				}
			}
		},
		{
			"from": [3.5, 7.825, 6.8],
			"to": [6.975, 10.225, 6.8],
			"rotation": {
				"angle": 0,
				"axis": "y",
				"origin": [4.5, -1.975, 6.8]
			},
			"faces": {
				"north": {
					"uv": [7, 6, 8.5, 7],
					"texture": "#0"
				},
				"east": {
					"uv": [0, 0, 0, 1],
					"texture": "#0"
				},
				"south": {
					"uv": [7, 7, 8.5, 8],
					"texture": "#0"
				},
				"west": {
					"uv": [0, 0, 0, 1],
					"texture": "#0"
				},
				"up": {
					"uv": [1.5, 0, 0, 0],
					"texture": "#0"
				},
				"down": {
					"uv": [1.5, 0, 0, 0],
					"texture": "#0"
				}
			}
		},
		{
			"from": [9.2, 10.225, 6.8],
			"to": [12.575, 10.225, 8.55],
			"rotation": {
				"angle": 0,
				"axis": "y",
				"origin": [10, -1.775, 7]
			},
			"faces": {
				"north": {
					"uv": [0, 0, 1.5, 0],
					"texture": "#0"
				},
				"east": {
					"uv": [0, 0, 1, 0],
					"texture": "#0"
				},
				"south": {
					"uv": [0, 0, 1.5, 0],
					"texture": "#0"
				},
				"west": {
					"uv": [0, 0, 1, 0],
					"texture": "#0"
				},
				"up": {
					"uv": [2.5, 7.5, 1, 6.5],
					"texture": "#0"
				},
				"down": {
					"uv": [4, 6.5, 2.5, 7.5],
					"texture": "#0"
				}
			}
		},
		{
			"from": [9.175, 7.825, 6.8],
			"to": [12.575, 7.825, 8.55],
			"rotation": {
				"angle": 0,
				"axis": "y",
				"origin": [10, -2.175, 7]
			},
			"faces": {
				"north": {
					"uv": [6, 0, 9, 2],
					"texture": "#0"
				},
				"east": {
					"uv": [9, 3, 10, 5],
					"texture": "#0"
				},
				"south": {
					"uv": [6, 2, 9, 4],
					"texture": "#0"
				},
				"west": {
					"uv": [9, 5, 10, 7],
					"texture": "#0"
				},
				"up": {
					"uv": [9, 9, 6, 8],
					"texture": "#0"
				},
				"down": {
					"uv": [12, 0, 9, 1],
					"texture": "#0"
				}
			}
		}
	]
}