{
	"textures": {
		"5": "animated_java:blueprint/krest/krest_blik",
		"particle": "minecraft:item/pufferfish"
	},
	"display": {
		"head": {
			"rotation": [0, 180, 0]
		}
	},
	"elements": [
		{
			"from": [4, 8, 9],
			"to": [9, 13, 9],
			"rotation": {
				"angle": 0,
				"axis": "y",
				"origin": [8, 8, 8]
			},
			"faces": {
				"north": {
					"uv": [0, 0, 5, 5],
					"texture": "#5"
				},
				"east": {
					"uv": [0, 0, 0, 5],
					"texture": "#5"
				},
				"south": {
					"uv": [0, 0, 5, 5],
					"texture": "#5"
				},
				"west": {
					"uv": [0, 0, 0, 5],
					"texture": "#5"
				},
				"up": {
					"uv": [5, 0, 0, 0],
					"texture": "#5"
				},
				"down": {
					"uv": [5, 0, 0, 0],
					"texture": "#5"
				}
			}
		}
	]
}