{
	"textures": {
		"3": "animated_java:blueprint/krest/krest_animation",
		"particle": "minecraft:item/pufferfish"
	},
	"display": {
		"head": {
			"rotation": [0, 180, 0]
		}
	},
	"elements": [
		{
			"from": [-3.5, 8, -4],
			"to": [20.5, 8, 20],
			"rotation": {
				"angle": 0,
				"axis": "y",
				"origin": [4.5, 8, 4]
			},
			"faces": {
				"north": {
					"uv": [0, 0, 16, 0],
					"texture": "#3"
				},
				"east": {
					"uv": [0, 0, 16, 0],
					"texture": "#3"
				},
				"south": {
					"uv": [0, 0, 16, 0],
					"texture": "#3"
				},
				"west": {
					"uv": [0, 0, 16, 0],
					"texture": "#3"
				},
				"up": {
					"uv": [0, 0, 16, 16],
					"texture": "#3"
				},
				"down": {
					"uv": [0, 0, 16, 16],
					"texture": "#3"
				}
			}
		}
	]
}