{
	"textures": {
		"2": "animated_java:blueprint/krest/krest_razlom",
		"particle": "minecraft:item/pufferfish"
	},
	"display": {
		"head": {
			"rotation": [0, 180, 0]
		}
	},
	"elements": [
		{
			"from": [4, 8, 0],
			"to": [13, 8, 10],
			"rotation": {
				"angle": 0,
				"axis": "y",
				"origin": [8, 8, 8]
			},
			"faces": {
				"north": {
					"uv": [0, 0, 4.5, 0],
					"texture": "#2"
				},
				"east": {
					"uv": [0, 0, 5, 0],
					"texture": "#2"
				},
				"south": {
					"uv": [0, 0, 4.5, 0],
					"texture": "#2"
				},
				"west": {
					"uv": [0, 0, 5, 0],
					"texture": "#2"
				},
				"up": {
					"uv": [4.5, 5, 0, 0],
					"texture": "#2"
				},
				"down": {
					"uv": [9, 0, 4.5, 5],
					"texture": "#2"
				}
			}
		}
	]
}