{
	"textures": {
		"0": "animated_java:blueprint/clopushka_animation/hlopushka",
		"particle": "minecraft:item/pufferfish"
	},
	"display": {
		"head": {
			"rotation": [0, 180, 0]
		}
	},
	"elements": [
		{
			"from": [6, 6.66422, 0.76696],
			"to": [10, 10.66422, 15.76696],
			"rotation": {
				"angle": 0,
				"axis": "y",
				"origin": [7, 7.66422, 10.76696]
			},
			"faces": {
				"north": {
					"uv": [4, 4, 6, 6],
					"texture": "#0"
				},
				"east": {
					"uv": [0, 0, 7.5, 2],
					"texture": "#0"
				},
				"south": {
					"uv": [4, 6, 6, 8],
					"texture": "#0"
				},
				"west": {
					"uv": [0, 2, 7.5, 4],
					"texture": "#0"
				},
				"up": {
					"uv": [2, 11.5, 0, 4],
					"texture": "#0"
				},
				"down": {
					"uv": [4, 4, 2, 11.5],
					"texture": "#0"
				}
			}
		}
	]
}