{
	"format_version": "1.21.6",
	"credit": "Made with Blockbench",
	"textures": {
		"0": "block/teambook",
		"particle": "block/teambook"
	},
	"elements": [
		{
			"from": [4, 3, 8],
			"to": [11, 12, 9.5],
			"rotation": {"angle": 0, "axis": "y", "origin": [11, 3, 5.5]},
			"faces": {
				"north": {"uv": [0, 0, 3.5, 4.5], "texture": "#0"},
				"east": {"uv": [7, 0, 8, 4.5], "texture": "#0"},
				"south": {"uv": [3.5, 0, 7, 4.5], "texture": "#0"},
				"west": {"uv": [7, 4.5, 8, 9], "texture": "#0"},
				"up": {"uv": [3.5, 10, 0, 9], "texture": "#0"},
				"down": {"uv": [12.5, 0, 9, 1], "texture": "#0"}
			}
		},
		{
			"from": [4, 3, 6.5],
			"to": [11, 12, 8],
			"rotation": {"angle": 0, "axis": "y", "origin": [11, 3, 4.5]},
			"faces": {
				"north": {"uv": [0, 4.5, 3.5, 9], "texture": "#0"},
				"east": {"uv": [8, 0, 9, 4.5], "texture": "#0"},
				"south": {"uv": [3.5, 4.5, 7, 9], "texture": "#0"},
				"west": {"uv": [8, 4.5, 9, 9], "texture": "#0"},
				"up": {"uv": [12.5, 2, 9, 1], "texture": "#0"},
				"down": {"uv": [12.5, 2, 9, 3], "texture": "#0"}
			}
		}
	],
	"display": {
		"thirdperson_righthand": {
			"rotation": [0, 97, 0],
			"translation": [0, -1.25, -0.5],
			"scale": [0.65, 0.72, 0.73]
		},
		"firstperson_righthand": {
			"rotation": [0, -82, 0],
			"translation": [4.75, 4, -3],
			"scale": [0.87, 0.99, 0.85]
		},
		"ground": {
			"rotation": [-90, 0, 0],
			"translation": [0, -0.75, 0],
			"scale": [0.82, 0.8, 0.81]
		},
		"gui": {
			"rotation": [27, -44, 0],
			"translation": [0.5, 0.75, 0],
			"scale": [1.29, 1.29, 1.29]
		}
	},
	"groups": [
		{
			"name": "book_hand",
			"origin": [8, 8, 8],
			"color": 0,
			"children": [
				{
					"name": "book",
					"origin": [8, 8, 8],
					"color": 0,
					"children": [0, 1]
				}
			]
		}
	]
}