{
	"format_version": "1.21.6",
	"credit": "Made with Blockbench",
	"textures": {
		"0": "block/phone",
		"particle": "phone"
	},
	"elements": [
		{
			"from": [5, 2, 0],
			"to": [11, 4, 10],
			"rotation": {"angle": -22.5, "axis": "x", "origin": [7, 4, 0]},
			"faces": {
				"north": {"uv": [7, 4, 10, 5], "texture": "#0"},
				"east": {"uv": [7, 0, 12, 1], "texture": "#0"},
				"south": {"uv": [7, 5, 10, 6], "texture": "#0"},
				"west": {"uv": [7, 1, 12, 2], "texture": "#0"},
				"up": {"uv": [3, 10, 0, 5], "texture": "#0"},
				"down": {"uv": [6, 5, 3, 10], "texture": "#0"}
			}
		},
		{
			"from": [5, 8.3, 8.1],
			"to": [11, 18.3, 10.1],
			"rotation": {"angle": 0, "axis": "x", "origin": [7, 8.3, 8.1]},
			"faces": {
				"north": {"uv": [0, 0, 3, 5], "texture": "#0"},
				"east": {"uv": [6, 0, 7, 5], "texture": "#0"},
				"south": {"uv": [3, 0, 6, 5], "texture": "#0"},
				"west": {"uv": [6, 5, 7, 10], "texture": "#0"},
				"up": {"uv": [10, 3, 7, 2], "texture": "#0"},
				"down": {"uv": [10, 3, 7, 4], "texture": "#0"}
			}
		},
		{
			"from": [7, 6.775, 7.975],
			"to": [9, 9.3, 8.775],
			"rotation": {"angle": 22.5, "axis": "x", "origin": [7, 6.775, 7.25]},
			"faces": {
				"north": {"uv": [7, 6, 8, 7.5], "texture": "#0"},
				"east": {"uv": [8, 6, 8.5, 7.5], "texture": "#0"},
				"south": {"uv": [7, 7.5, 8, 9], "texture": "#0"},
				"west": {"uv": [8, 7.5, 8.5, 9], "texture": "#0"},
				"up": {"uv": [9.5, 6.5, 8.5, 6], "texture": "#0"},
				"down": {"uv": [9.5, 6.5, 8.5, 7], "texture": "#0"}
			}
		}
	],
	"display": {
		"thirdperson_righthand": {
			"rotation": [26, 140, -8],
			"translation": [0.75, 1, 0.25],
			"scale": [0.5, 0.5, 0.5]
		},
		"thirdperson_lefthand": {
			"scale": [0, 0, 0]
		},
		"firstperson_righthand": {
			"rotation": [2, 128, -5],
			"translation": [6.5, 0, -5.25],
			"scale": [0.8, 0.8, 0.8]
		},
		"firstperson_lefthand": {
			"scale": [0, 0, 0]
		},
		"ground": {
			"rotation": [38, 0, 0],
			"translation": [0, -0.75, 0],
			"scale": [0.6, 0.6, 0.6]
		},
		"gui": {
			"rotation": [13, 140, 1],
			"translation": [1.25, -1.25, 0],
			"scale": [0.9, 0.9, 0.9]
		}
	},
	"groups": [
		{
			"name": "black_dye",
			"origin": [8, 8, 8],
			"color": 0,
			"children": [0, 1, 2]
		}
	]
}