{
	"format_version": "1.21.6",
	"credit": "Made with Blockbench",
	"texture_size": [64, 64],
	"textures": {
		"0": "block/batut",
		"particle": "block/batut"
	},
	"elements": [
		{
			"from": [-3.25, 0, 7],
			"to": [-1.5, 8, 9],
			"rotation": {"angle": -17.5, "axis": "z", "origin": [-3.25, 0, 7]},
			"faces": {
				"north": {"uv": [0, 7, 0.5, 9], "texture": "#0"},
				"east": {"uv": [0.5, 7, 1, 9], "texture": "#0"},
				"south": {"uv": [1, 7, 1.5, 9], "texture": "#0"},
				"west": {"uv": [1.5, 7, 2, 9], "texture": "#0"},
				"up": {"uv": [9, 8, 8.5, 7.5], "texture": "#0"},
				"down": {"uv": [9, 8, 8.5, 8.5], "texture": "#0"}
			}
		},
		{
			"from": [-1, 5.75, 1],
			"to": [1, 8, 15],
			"rotation": {"angle": 0, "axis": "y", "origin": [-1, 0, 7]},
			"faces": {
				"north": {"uv": [1, 9, 1.5, 9.5], "texture": "#0"},
				"east": {"uv": [5.25, 2, 8.75, 2.5], "texture": "#0"},
				"south": {"uv": [1.5, 9, 2, 9.5], "texture": "#0"},
				"west": {"uv": [5.25, 2.5, 8.75, 3], "texture": "#0"},
				"up": {"uv": [4, 9, 3.5, 5.5], "texture": "#0"},
				"down": {"uv": [4.5, 5.5, 4, 9], "texture": "#0"}
			}
		},
		{
			"from": [-1, 5.75, 15],
			"to": [17, 8, 17],
			"rotation": {"angle": 0, "axis": "y", "origin": [-1, 0, 8]},
			"faces": {
				"north": {"uv": [3.5, 3.5, 8, 4], "texture": "#0"},
				"east": {"uv": [3, 9, 3.5, 9.5], "texture": "#0"},
				"south": {"uv": [3.5, 4, 8, 4.5], "texture": "#0"},
				"west": {"uv": [3.5, 9, 4, 9.5], "texture": "#0"},
				"up": {"uv": [8, 5, 3.5, 4.5], "texture": "#0"},
				"down": {"uv": [8, 5, 3.5, 5.5], "texture": "#0"}
			}
		},
		{
			"from": [1, 6.25, 1],
			"to": [15, 7, 15],
			"rotation": {"angle": 0, "axis": "y", "origin": [-1, 0, 6]},
			"faces": {
				"north": {"uv": [8.5, 3.5, 12, 3.75], "texture": "#0"},
				"east": {"uv": [8.5, 3.75, 12, 4], "texture": "#0"},
				"south": {"uv": [8.5, 4, 12, 4.25], "texture": "#0"},
				"west": {"uv": [8.5, 4.25, 12, 4.5], "texture": "#0"},
				"up": {"uv": [3.5, 3.5, 0, 0], "texture": "#0"},
				"down": {"uv": [3.5, 0, 0, 3.5], "texture": "#0"}
			}
		},
		{
			"from": [7, 7.3, 6],
			"to": [15, 7.3, 14],
			"rotation": {"angle": 0, "axis": "y", "origin": [1, 0.3, 8]},
			"faces": {
				"north": {"uv": [0, 0, 1.75, 0], "texture": "#0"},
				"east": {"uv": [0, 0, 1.75, 0], "texture": "#0"},
				"south": {"uv": [0, 0, 1.75, 0], "texture": "#0"},
				"west": {"uv": [0, 0, 1.75, 0], "texture": "#0"},
				"up": {"uv": [5.25, 1.75, 3.5, 0], "texture": "#0"},
				"down": {"uv": [5.25, 1.75, 3.5, 3.5], "texture": "#0"}
			}
		},
		{
			"from": [3, 7.3, 1],
			"to": [7, 7.3, 6],
			"rotation": {"angle": 0, "axis": "y", "origin": [-3, 0.3, 2]},
			"faces": {
				"north": {"uv": [0, 0, 1, 0], "texture": "#0"},
				"east": {"uv": [0, 0, 1.25, 0], "texture": "#0"},
				"south": {"uv": [0, 0, 1, 0], "texture": "#0"},
				"west": {"uv": [0, 0, 1.25, 0], "texture": "#0"},
				"up": {"uv": [6.5, 7.25, 5.5, 6], "texture": "#0"},
				"down": {"uv": [7.5, 6, 6.5, 7.25], "texture": "#0"}
			}
		},
		{
			"from": [1, 7.3, 11],
			"to": [4, 7.3, 14],
			"rotation": {"angle": 0, "axis": "y", "origin": [-5, 0.3, 10]},
			"faces": {
				"north": {"uv": [0, 0, 0.75, 0], "texture": "#0"},
				"east": {"uv": [0, 0, 0.75, 0], "texture": "#0"},
				"south": {"uv": [0, 0, 0.75, 0], "texture": "#0"},
				"west": {"uv": [0, 0, 0.75, 0], "texture": "#0"},
				"up": {"uv": [9.25, 5.25, 8.5, 4.5], "texture": "#0"},
				"down": {"uv": [9.25, 5.25, 8.5, 6], "texture": "#0"}
			}
		},
		{
			"from": [9, 7.3, 2],
			"to": [12, 7.3, 5],
			"rotation": {"angle": 0, "axis": "y", "origin": [3, 0.3, 1]},
			"faces": {
				"north": {"uv": [0, 0, 0.75, 0], "texture": "#0"},
				"east": {"uv": [0, 0, 0.75, 0], "texture": "#0"},
				"south": {"uv": [0, 0, 0.75, 0], "texture": "#0"},
				"west": {"uv": [0, 0, 0.75, 0], "texture": "#0"},
				"up": {"uv": [9.25, 6.75, 8.5, 6], "texture": "#0"},
				"down": {"uv": [9.25, 6.75, 8.5, 7.5], "texture": "#0"}
			}
		},
		{
			"from": [2, 7.3, 7],
			"to": [5, 7.3, 10],
			"rotation": {"angle": 0, "axis": "y", "origin": [-4, 0.3, 6]},
			"faces": {
				"north": {"uv": [0, 0, 0.75, 0], "texture": "#0"},
				"east": {"uv": [0, 0, 0.75, 0], "texture": "#0"},
				"south": {"uv": [0, 0, 0.75, 0], "texture": "#0"},
				"west": {"uv": [0, 0, 0.75, 0], "texture": "#0"},
				"up": {"uv": [9.25, 6.75, 8.5, 6], "texture": "#0"},
				"down": {"uv": [9.25, 6.75, 8.5, 7.5], "texture": "#0"}
			}
		},
		{
			"from": [-1, 5.75, -1],
			"to": [17, 8, 1],
			"rotation": {"angle": 0, "axis": "y", "origin": [-1, 0, -8]},
			"faces": {
				"north": {"uv": [5.25, 0, 9.75, 0.5], "texture": "#0"},
				"east": {"uv": [4, 9, 4.5, 9.5], "texture": "#0"},
				"south": {"uv": [5.25, 0.5, 9.75, 1], "texture": "#0"},
				"west": {"uv": [9, 7.5, 9.5, 8], "texture": "#0"},
				"up": {"uv": [9.75, 1.5, 5.25, 1], "texture": "#0"},
				"down": {"uv": [9.75, 1.5, 5.25, 2], "texture": "#0"}
			}
		},
		{
			"from": [15, 5.75, 1],
			"to": [17, 8, 15],
			"rotation": {"angle": 0, "axis": "y", "origin": [15, 0, 7]},
			"faces": {
				"north": {"uv": [2, 9, 2.5, 9.5], "texture": "#0"},
				"east": {"uv": [5.25, 3, 8.75, 3.5], "texture": "#0"},
				"south": {"uv": [2.5, 9, 3, 9.5], "texture": "#0"},
				"west": {"uv": [4.5, 5.5, 8, 6], "texture": "#0"},
				"up": {"uv": [5, 9.5, 4.5, 6], "texture": "#0"},
				"down": {"uv": [5.5, 6, 5, 9.5], "texture": "#0"}
			}
		},
		{
			"from": [17.5, -0.4, 7],
			"to": [19.25, 7.6, 9],
			"rotation": {"angle": 17.5, "axis": "z", "origin": [17.25, -0.4, 7]},
			"faces": {
				"north": {"uv": [2, 7, 2.5, 9], "texture": "#0"},
				"east": {"uv": [2.5, 7, 3, 9], "texture": "#0"},
				"south": {"uv": [3, 7, 3.5, 9], "texture": "#0"},
				"west": {"uv": [5.5, 7.25, 6, 9.25], "texture": "#0"},
				"up": {"uv": [9, 9, 8.5, 8.5], "texture": "#0"},
				"down": {"uv": [9.25, 2, 8.75, 2.5], "texture": "#0"}
			}
		},
		{
			"from": [6.75, 0, -3.25],
			"to": [8.75, 8, -1.5],
			"rotation": {"angle": 17.5, "axis": "x", "origin": [6.75, 0, -3.25]},
			"faces": {
				"north": {"uv": [6, 7.25, 6.5, 9.25], "texture": "#0"},
				"east": {"uv": [6.5, 7.25, 7, 9.25], "texture": "#0"},
				"south": {"uv": [7, 7.25, 7.5, 9.25], "texture": "#0"},
				"west": {"uv": [7.5, 6, 8, 8], "texture": "#0"},
				"up": {"uv": [9.25, 3, 8.75, 2.5], "texture": "#0"},
				"down": {"uv": [9.25, 3, 8.75, 3.5], "texture": "#0"}
			}
		},
		{
			"from": [6.75, -0.4, 17.5],
			"to": [8.75, 7.6, 19.25],
			"rotation": {"angle": -17.5, "axis": "x", "origin": [6.75, -0.4, 17.25]},
			"faces": {
				"north": {"uv": [8, 3.5, 8.5, 5.5], "texture": "#0"},
				"east": {"uv": [8, 5.5, 8.5, 7.5], "texture": "#0"},
				"south": {"uv": [7.5, 8, 8, 10], "texture": "#0"},
				"west": {"uv": [8, 7.5, 8.5, 9.5], "texture": "#0"},
				"up": {"uv": [0.5, 9.5, 0, 9], "texture": "#0"},
				"down": {"uv": [1, 9, 0.5, 9.5], "texture": "#0"}
			}
		}
	],
	"display": {
		"thirdperson_righthand": {
			"rotation": [0, 23, 0],
			"translation": [0, 1.75, 0],
			"scale": [0.31, 0.31, 0.31]
		},
		"firstperson_righthand": {
			"rotation": [-6, 5, 0],
			"translation": [-8.25, 0, -1.75],
			"scale": [0.78, 0.78, 0.78]
		}
	}
}