{
	"format_version": "1.21.6",
	"credit": "Made with Blockbench",
	"texture_size": [32, 32],
	"textures": {
		"0": "block/mods",
		"particle": "block/mods"
	},
	"elements": [
		{
			"from": [0, 0, 7.825],
			"to": [2, 2, 17.825],
			"rotation": {"angle": 35, "axis": "y", "origin": [2, 0, 7.825]},
			"faces": {
				"north": {"uv": [0, 8, 1, 9], "texture": "#0"},
				"east": {"uv": [7, 0, 12, 1], "texture": "#0"},
				"south": {"uv": [1, 8, 2, 9], "texture": "#0"},
				"west": {"uv": [7, 1, 12, 2], "texture": "#0"},
				"up": {"uv": [8, 7, 7, 2], "texture": "#0"},
				"down": {"uv": [8, 7, 7, 12], "texture": "#0"}
			}
		},
		{
			"from": [2.9, 0.1, -1],
			"to": [14.9, 0.1, 7],
			"rotation": {"angle": -12.5, "axis": "y", "origin": [2.9, 0.1, 5]},
			"faces": {
				"north": {"uv": [0, 0, 7, 0], "texture": "#0"},
				"east": {"uv": [0, 0, 4, 0], "texture": "#0"},
				"south": {"uv": [0, 0, 7, 0], "texture": "#0"},
				"west": {"uv": [0, 0, 4, 0], "texture": "#0"},
				"up": {"uv": [7, 4, 0, 0], "texture": "#0"},
				"down": {"uv": [7, 4, 0, 8], "texture": "#0"}
			}
		}
	]
}