{
	"format_version": "1.21.6",
	"credit": "Made with Blockbench",
	"textures": {
		"0": "block/tumbler_on",
		"particle": "block/tumbler_on"
	},
	"elements": [
		{
			"from": [2, 6, 8],
			"to": [14, 12, 8],
			"rotation": {"angle": 0, "axis": "y", "origin": [7, 6, 6]},
			"faces": {
				"north": {"uv": [0, 0, 12, 6], "texture": "#0"},
				"east": {"uv": [0, 0, 0, 6], "texture": "#0"},
				"south": {"uv": [12, 6, 0, 12], "texture": "#0"},
				"west": {"uv": [0, 0, 0, 6], "texture": "#0"},
				"up": {"uv": [12, 0, 0, 0], "texture": "#0"},
				"down": {"uv": [12, 0, 0, 0], "texture": "#0"}
			}
		}
	]
}