{
	"format_version": "1.21.6",
	"credit": "Made with Blockbench",
	"textures": {
		"0": "block/blackhole",
		"1": "block/hole",
		"2": "block/black",
		"3": "block/black_ten",
		"particle": "blackhole"
	},
	"elements": [
		{
			"from": [7.5, 9, 7],
			"to": [9.5, 10, 9],
			"rotation": {"angle": 0, "axis": "y", "origin": [3, 3, 3.5]},
			"faces": {
				"north": {"uv": [7.5, 1.5, 8.5, 2], "texture": "#0"},
				"east": {"uv": [7.5, 2, 8.5, 2.5], "texture": "#0"},
				"south": {"uv": [3.5, 7.5, 4.5, 8], "texture": "#0"},
				"west": {"uv": [7.5, 4, 8.5, 4.5], "texture": "#0"},
				"up": {"uv": [4, 5.5, 3, 4.5], "texture": "#0"},
				"down": {"uv": [5.5, 4, 4.5, 5], "texture": "#0"}
			}
		},
		{
			"from": [8, 3, 7.5],
			"to": [9, 9, 8.5],
			"rotation": {"angle": 0, "axis": "y", "origin": [3, 2, 3.5]},
			"faces": {
				"north": {"uv": [1.5, 4, 2, 7], "texture": "#0"},
				"east": {"uv": [2, 4, 2.5, 7], "texture": "#0"},
				"south": {"uv": [4, 3, 4.5, 6], "texture": "#0"},
				"west": {"uv": [2.5, 4.5, 3, 7.5], "texture": "#0"},
				"up": {"uv": [3, 9.5, 2.5, 9], "texture": "#0"},
				"down": {"uv": [9.5, 2.5, 9, 3], "texture": "#0"}
			}
		},
		{
			"from": [7.75, 1.15, 7.25],
			"to": [9.25, 3.4, 8.75],
			"rotation": {"angle": 0, "axis": "y", "origin": [3, -0.85, 3.5]},
			"faces": {
				"north": {"uv": [3, 6.5, 4, 7.5], "texture": "#0"},
				"east": {"uv": [4, 6.5, 5, 7.5], "texture": "#0"},
				"south": {"uv": [6.5, 4, 7.5, 5], "texture": "#0"},
				"west": {"uv": [5, 6.5, 6, 7.5], "texture": "#0"},
				"up": {"uv": [7.5, 6, 6.5, 5], "texture": "#0"},
				"down": {"uv": [7, 6.5, 6, 7.5], "texture": "#0"}
			}
		},
		{
			"from": [7.65, 12.05, 7],
			"to": [9.65, 14.05, 9],
			"rotation": {"angle": 5, "axis": "z", "origin": [2.65, 12.05, 4]},
			"faces": {
				"north": {"uv": [0, 0, 2, 2], "texture": "#2"},
				"east": {"uv": [0, 2, 2, 4], "texture": "#2"},
				"south": {"uv": [2, 0, 4, 2], "texture": "#2"},
				"west": {"uv": [2, 2, 4, 4], "texture": "#2"},
				"up": {"uv": [2, 6, 0, 4], "texture": "#2"},
				"down": {"uv": [6, 0, 4, 2], "texture": "#2"}
			}
		},
		{
			"from": [7.525, 11.9, 6.9],
			"to": [7.525, 14.2, 9.15],
			"rotation": {"angle": 5, "axis": "z", "origin": [2.525, 12.05, 4]},
			"faces": {
				"north": {"uv": [0, 0, 0, 3], "texture": "#1"},
				"east": {"uv": [0, 0, 3, 3], "texture": "#1"},
				"south": {"uv": [0, 0, 0, 3], "texture": "#1"},
				"west": {"uv": [3, 0, 6, 3], "texture": "#1"},
				"up": {"uv": [0, 0, 0, 3], "texture": "#1"},
				"down": {"uv": [0, 0, 0, 3], "texture": "#1"}
			}
		},
		{
			"from": [9.8, 11.9, 6.9],
			"to": [9.8, 14.2, 9.15],
			"rotation": {"angle": 5, "axis": "z", "origin": [2.8, 12.05, 4]},
			"faces": {
				"north": {"uv": [0, 0, 0, 3], "texture": "#1"},
				"east": {"uv": [3, 0, 6, 3], "texture": "#1"},
				"south": {"uv": [0, 0, 0, 3], "texture": "#1"},
				"west": {"uv": [3, 3, 6, 6], "texture": "#1"},
				"up": {"uv": [0, 3, 0, 0], "texture": "#1"},
				"down": {"uv": [0, 0, 0, 3], "texture": "#1"}
			}
		},
		{
			"from": [7.525, 14.2, 6.9],
			"to": [9.8, 14.2, 9.15],
			"rotation": {"angle": 5, "axis": "z", "origin": [2.65, 12.2, 4]},
			"faces": {
				"north": {"uv": [0, 0, 0, 3], "texture": "#1"},
				"east": {"uv": [3, 4, 6, 7], "texture": "#1"},
				"south": {"uv": [0, 0, 0, 3], "texture": "#1"},
				"west": {"uv": [0, 3, 3, 6], "texture": "#1"},
				"up": {"uv": [6, 0, 3, 3], "texture": "#1"},
				"down": {"uv": [0, 0, 3, 3], "texture": "#1"}
			}
		},
		{
			"from": [7.525, 11.9, 9.15],
			"to": [9.8, 14.2, 9.15],
			"rotation": {"angle": 5, "axis": "z", "origin": [2.65, 12.05, 4.15]},
			"faces": {
				"north": {"uv": [0, 0, 1, 3], "texture": "#1"},
				"east": {"uv": [0, 0, 3, 3], "texture": "#1"},
				"south": {"uv": [3, 0, 6, 3], "texture": "#1"},
				"west": {"uv": [0, 3, 3, 6], "texture": "#1"},
				"up": {"uv": [0, 0, 0, 3], "texture": "#1"},
				"down": {"uv": [0, 0, 0, 3], "texture": "#1"}
			}
		},
		{
			"from": [7.525, 11.9, 6.9],
			"to": [9.8, 14.2, 6.9],
			"rotation": {"angle": 5, "axis": "z", "origin": [2.65, 12.05, 3.9]},
			"faces": {
				"north": {"uv": [3, 0, 6, 3], "texture": "#1"},
				"east": {"uv": [0, 0, 3, 3], "texture": "#1"},
				"south": {"uv": [0, 0, 0, 3], "texture": "#1"},
				"west": {"uv": [0, 3, 3, 6], "texture": "#1"},
				"up": {"uv": [0, 0, 0, 3], "texture": "#1"},
				"down": {"uv": [0, 0, 0, 3], "texture": "#1"}
			}
		},
		{
			"from": [7.525, 11.9, 6.9],
			"to": [9.8, 11.9, 9.15],
			"rotation": {"angle": 5, "axis": "z", "origin": [2.65, 11.9, 4]},
			"faces": {
				"north": {"uv": [0, 0, 0, 3], "texture": "#1"},
				"east": {"uv": [0, 0, 3, 3], "texture": "#1"},
				"south": {"uv": [0, 0, 0, 3], "texture": "#1"},
				"west": {"uv": [0, 3, 3, 6], "texture": "#1"},
				"up": {"uv": [3, 3, 6, 6], "texture": "#1"},
				"down": {"uv": [3, 0, 6, 3], "texture": "#1"}
			}
		},
		{
			"from": [6, 10, 6],
			"to": [11, 11, 10],
			"rotation": {"angle": 0, "axis": "y", "origin": [3, 2, 3]},
			"faces": {
				"north": {"uv": [4.5, 3, 7, 3.5], "texture": "#0"},
				"east": {"uv": [4.5, 5, 6.5, 5.5], "texture": "#0"},
				"south": {"uv": [4.5, 3.5, 7, 4], "texture": "#0"},
				"west": {"uv": [5.5, 0, 7.5, 0.5], "texture": "#0"},
				"up": {"uv": [2.5, 2, 0, 0], "texture": "#0"},
				"down": {"uv": [2.5, 2, 0, 4], "texture": "#0"}
			}
		},
		{
			"from": [6.75, 10, 5.5],
			"to": [10.25, 11, 6],
			"rotation": {"angle": 0, "axis": "y", "origin": [3, 2, 2.5]},
			"faces": {
				"north": {"uv": [5.5, 0.5, 7.5, 1], "texture": "#0"},
				"east": {"uv": [9, 1.5, 9.5, 2], "texture": "#0"},
				"south": {"uv": [5.5, 1, 7.5, 1.5], "texture": "#0"},
				"west": {"uv": [9, 2, 9.5, 2.5], "texture": "#0"},
				"up": {"uv": [7.5, 2, 5.5, 1.5], "texture": "#0"},
				"down": {"uv": [7.5, 2, 5.5, 2.5], "texture": "#0"}
			}
		},
		{
			"from": [9.875, 10.925, 16.225],
			"to": [10.875, 11.925, 18.725],
			"rotation": {"angle": -45, "axis": "x", "origin": [2.875, 2.925, 14.225]},
			"faces": {
				"north": {"uv": [4, 6, 4.5, 6.5], "texture": "#0"},
				"east": {"uv": [5.5, 2.5, 7, 3], "texture": "#0"},
				"south": {"uv": [8, 1, 8.5, 1.5], "texture": "#0"},
				"west": {"uv": [6.5, 6, 8, 6.5], "texture": "#0"},
				"up": {"uv": [1.5, 7, 1, 5.5], "texture": "#0"},
				"down": {"uv": [1.5, 7, 1, 8.5], "texture": "#0"}
			}
		},
		{
			"from": [9.9, 11.775, 10.775],
			"to": [10.85, 13.775, 11.775],
			"rotation": {"angle": 0, "axis": "x", "origin": [2.875, 9.775, 19.775]},
			"faces": {
				"north": {"uv": [3.5, 8, 4, 9], "texture": "#0"},
				"east": {"uv": [4, 8, 4.5, 9], "texture": "#0"},
				"south": {"uv": [4.5, 8, 5, 9], "texture": "#0"},
				"west": {"uv": [5, 8, 5.5, 9], "texture": "#0"},
				"up": {"uv": [7.5, 9, 7, 8.5], "texture": "#0"},
				"down": {"uv": [9, 7, 8.5, 7.5], "texture": "#0"}
			}
		},
		{
			"from": [7.4, 11.775, 10.775],
			"to": [8.35, 14.025, 11.775],
			"rotation": {"angle": 0, "axis": "y", "origin": [0.375, 9.775, 19.775]},
			"faces": {
				"north": {"uv": [8, 5, 8.5, 6], "texture": "#0"},
				"east": {"uv": [8, 7, 8.5, 8], "texture": "#0"},
				"south": {"uv": [7.5, 8, 8, 9], "texture": "#0"},
				"west": {"uv": [8, 8, 8.5, 9], "texture": "#0"},
				"up": {"uv": [9, 9, 8.5, 8.5], "texture": "#0"},
				"down": {"uv": [0.5, 9, 0, 9.5], "texture": "#0"}
			}
		},
		{
			"from": [6.15, 11.45, 10.425],
			"to": [7.1, 13.2, 11.425],
			"rotation": {"angle": 0, "axis": "y", "origin": [-0.875, 9.45, 19.425]},
			"faces": {
				"north": {"uv": [8.5, 0, 9, 1], "texture": "#0"},
				"east": {"uv": [1, 8.5, 1.5, 9.5], "texture": "#0"},
				"south": {"uv": [8.5, 1, 9, 2], "texture": "#0"},
				"west": {"uv": [1.5, 8.5, 2, 9.5], "texture": "#0"},
				"up": {"uv": [9.5, 0.5, 9, 0], "texture": "#0"},
				"down": {"uv": [1, 9, 0.5, 9.5], "texture": "#0"}
			}
		},
		{
			"from": [8.65, 12.125, 11.125],
			"to": [9.6, 14.625, 12.125],
			"rotation": {"angle": 0, "axis": "y", "origin": [1.625, 10.125, 20.125]},
			"faces": {
				"north": {"uv": [7.5, 0, 8, 1.5], "texture": "#0"},
				"east": {"uv": [0.5, 7.5, 1, 9], "texture": "#0"},
				"south": {"uv": [2.5, 7.5, 3, 9], "texture": "#0"},
				"west": {"uv": [3, 7.5, 3.5, 9], "texture": "#0"},
				"up": {"uv": [9, 8, 8.5, 7.5], "texture": "#0"},
				"down": {"uv": [9, 8, 8.5, 8.5], "texture": "#0"}
			}
		},
		{
			"from": [8.625, 10.925, 16.225],
			"to": [9.625, 11.925, 19.225],
			"rotation": {"angle": -45, "axis": "x", "origin": [1.625, 2.925, 14.225]},
			"faces": {
				"north": {"uv": [8, 6, 8.5, 6.5], "texture": "#0"},
				"east": {"uv": [7, 2.5, 8.5, 3], "texture": "#0"},
				"south": {"uv": [8.5, 5, 9, 5.5], "texture": "#0"},
				"west": {"uv": [7, 3, 8.5, 3.5], "texture": "#0"},
				"up": {"uv": [2, 8.5, 1.5, 7], "texture": "#0"},
				"down": {"uv": [2.5, 7, 2, 8.5], "texture": "#0"}
			}
		},
		{
			"from": [7.375, 10.925, 16.225],
			"to": [8.375, 11.925, 18.725],
			"rotation": {"angle": -45, "axis": "x", "origin": [0.375, 2.925, 14.225]},
			"faces": {
				"north": {"uv": [5.5, 8.5, 6, 9], "texture": "#0"},
				"east": {"uv": [7, 3.5, 8.5, 4], "texture": "#0"},
				"south": {"uv": [8.5, 5.5, 9, 6], "texture": "#0"},
				"west": {"uv": [7, 6.5, 8.5, 7], "texture": "#0"},
				"up": {"uv": [7.5, 8.5, 7, 7], "texture": "#0"},
				"down": {"uv": [0.5, 7.5, 0, 9], "texture": "#0"}
			}
		},
		{
			"from": [6.125, 10.925, 16.225],
			"to": [7.125, 11.925, 18.225],
			"rotation": {"angle": -45, "axis": "x", "origin": [-0.875, 2.925, 14.225]},
			"faces": {
				"north": {"uv": [6, 8.5, 6.5, 9], "texture": "#0"},
				"east": {"uv": [4.5, 7.5, 5.5, 8], "texture": "#0"},
				"south": {"uv": [8.5, 6, 9, 6.5], "texture": "#0"},
				"west": {"uv": [7.5, 4.5, 8.5, 5], "texture": "#0"},
				"up": {"uv": [8, 6, 7.5, 5], "texture": "#0"},
				"down": {"uv": [6, 7.5, 5.5, 8.5], "texture": "#0"}
			}
		},
		{
			"from": [9.45, 5.65, 7.725],
			"to": [10.45, 7.65, 8.725],
			"rotation": {"angle": 45, "axis": "z", "origin": [2.45, 3.65, 16.725]},
			"faces": {
				"north": {"uv": [6, 7.5, 6.5, 8.5], "texture": "#0"},
				"east": {"uv": [6.5, 7.5, 7, 8.5], "texture": "#0"},
				"south": {"uv": [7.5, 7, 8, 8], "texture": "#0"},
				"west": {"uv": [8, 0, 8.5, 1], "texture": "#0"},
				"up": {"uv": [7, 9, 6.5, 8.5], "texture": "#0"},
				"down": {"uv": [9, 6.5, 8.5, 7], "texture": "#0"}
			}
		},
		{
			"from": [4.55, 11.45, 7.75],
			"to": [5.55, 12.95, 8.7],
			"rotation": {"angle": 0, "axis": "z", "origin": [-2.45, 9.45, 16.725]},
			"faces": {
				"north": {"uv": [2, 8.5, 2.5, 9.5], "texture": "#0"},
				"east": {"uv": [8.5, 2, 9, 3], "texture": "#0"},
				"south": {"uv": [8.5, 3, 9, 4], "texture": "#0"},
				"west": {"uv": [8.5, 4, 9, 5], "texture": "#0"},
				"up": {"uv": [9.5, 1, 9, 0.5], "texture": "#0"},
				"down": {"uv": [9.5, 1, 9, 1.5], "texture": "#0"}
			}
		},
		{
			"from": [7, 11, 7],
			"to": [7, 12.5, 9],
			"rotation": {"angle": 22.5, "axis": "z", "origin": [7, 11, 7]},
			"faces": {
				"north": {"uv": [0, 0, 0, 1], "texture": "#3"},
				"east": {"uv": [6, 4, 8, 5], "texture": "#3"},
				"south": {"uv": [0, 0, 0, 1], "texture": "#3"},
				"west": {"uv": [10, 5, 12, 6], "texture": "#3"},
				"up": {"uv": [0, 2, 0, 0], "texture": "#3"},
				"down": {"uv": [0, 0, 0, 2], "texture": "#3"}
			}
		},
		{
			"from": [10, 11, 7],
			"to": [10, 12.5, 9],
			"rotation": {"angle": -22.5, "axis": "z", "origin": [10, 11, 7]},
			"faces": {
				"north": {"uv": [0, 0, 0, 1], "texture": "#3"},
				"east": {"uv": [7, 4, 9, 5], "texture": "#3"},
				"south": {"uv": [0, 0, 0, 1], "texture": "#3"},
				"west": {"uv": [6, 4, 8, 5], "texture": "#3"},
				"up": {"uv": [0, 0, 0, 2], "texture": "#3"},
				"down": {"uv": [0, 0, 0, 2], "texture": "#3"}
			}
		}
	],
	"display": {
		"thirdperson_righthand": {
			"rotation": [0, 169, 0],
			"translation": [0, 4.25, 1.5]
		},
		"firstperson_righthand": {
			"rotation": [0, -177, 0],
			"translation": [4.25, -0.5, -3.75],
			"scale": [1.3, 1.3, 1]
		},
		"ground": {
			"translation": [0, 3.5, 0]
		},
		"gui": {
			"rotation": [16, -141, 0],
			"translation": [0.75, 0, 0],
			"scale": [1.2, 1.2, 1.2]
		}
	},
	"groups": [
		{
			"name": "coal",
			"origin": [8, 8, 8],
			"color": 0,
			"children": [
				{
					"name": "coal",
					"origin": [8, 8, 8],
					"color": 0,
					"children": [
						0,
						1,
						2,
						{
							"name": "group",
							"origin": [2.25, 13.6, 4],
							"color": 0,
							"children": [3, 4, 5, 6, 7, 8, 9]
						},
						10,
						11,
						12,
						13,
						14,
						15,
						16,
						17,
						18,
						19,
						20,
						21,
						22,
						23
					]
				}
			]
		}
	]
}