{
	"format_version": "1.21.6",
	"credit": "Made with Blockbench",
	"textures": {
		"0": "block/pills",
		"particle": "pills"
	},
	"elements": [
		{
			"from": [5, 0.25, 6.175],
			"to": [10, 0.375, 15.175],
			"rotation": {"angle": 0, "axis": "y", "origin": [7, 0.25, 10.175]},
			"faces": {
				"north": {"uv": [0, 11, 2.5, 11.5], "texture": "#0"},
				"east": {"uv": [10, 5, 14.5, 5.5], "texture": "#0"},
				"south": {"uv": [2.5, 11, 5, 11.5], "texture": "#0"},
				"west": {"uv": [10, 5.5, 14.5, 6], "texture": "#0"},
				"up": {"uv": [2.5, 4.5, 0, 0], "rotation": 180, "texture": "#0"},
				"down": {"uv": [5, 0, 2.5, 4.5], "texture": "#0"}
			}
		},
		{
			"from": [6, 1, 5.125],
			"to": [7, 1.25, 6.125],
			"rotation": {"angle": 0, "axis": "y", "origin": [4, 1, 3.125]},
			"faces": {
				"north": {"uv": [7, 12, 7.5, 12.5], "texture": "#0"},
				"east": {"uv": [9.5, 12, 10, 12.5], "texture": "#0"},
				"south": {"uv": [10, 12, 10.5, 12.5], "texture": "#0"},
				"west": {"uv": [10.5, 12, 11, 12.5], "texture": "#0"},
				"up": {"uv": [11.5, 12.5, 11, 12], "texture": "#0"},
				"down": {"uv": [12.5, 11, 12, 11.5], "texture": "#0"}
			}
		},
		{
			"from": [6, 1, 7.125],
			"to": [7, 1.25, 8.125],
			"rotation": {"angle": 0, "axis": "y", "origin": [4, 1, 5.125]},
			"faces": {
				"north": {"uv": [11.5, 12, 12, 12.5], "texture": "#0"},
				"east": {"uv": [12, 11.5, 12.5, 12], "texture": "#0"},
				"south": {"uv": [12, 12, 12.5, 12.5], "texture": "#0"},
				"west": {"uv": [7, 12.5, 7.5, 13], "texture": "#0"},
				"up": {"uv": [10, 13, 9.5, 12.5], "texture": "#0"},
				"down": {"uv": [10.5, 12.5, 10, 13], "texture": "#0"}
			}
		},
		{
			"from": [6, 1, 9.125],
			"to": [7, 1.25, 10.125],
			"rotation": {"angle": 0, "axis": "y", "origin": [4, 1, 7.125]},
			"faces": {
				"north": {"uv": [12.5, 10, 13, 10.5], "texture": "#0"},
				"east": {"uv": [10.5, 12.5, 11, 13], "texture": "#0"},
				"south": {"uv": [12.5, 10.5, 13, 11], "texture": "#0"},
				"west": {"uv": [11, 12.5, 11.5, 13], "texture": "#0"},
				"up": {"uv": [13, 11.5, 12.5, 11], "texture": "#0"},
				"down": {"uv": [12, 12.5, 11.5, 13], "texture": "#0"}
			}
		},
		{
			"from": [6, 1, 11.125],
			"to": [7, 1.25, 12.125],
			"rotation": {"angle": 0, "axis": "y", "origin": [4, 1, 9.125]},
			"faces": {
				"north": {"uv": [12.5, 11.5, 13, 12], "texture": "#0"},
				"east": {"uv": [12, 12.5, 12.5, 13], "texture": "#0"},
				"south": {"uv": [12.5, 12, 13, 12.5], "texture": "#0"},
				"west": {"uv": [12.5, 12.5, 13, 13], "texture": "#0"},
				"up": {"uv": [0.5, 13.5, 0, 13], "texture": "#0"},
				"down": {"uv": [13.5, 0, 13, 0.5], "texture": "#0"}
			}
		},
		{
			"from": [8, 1, 5.125],
			"to": [9, 1.25, 6.125],
			"rotation": {"angle": 0, "axis": "y", "origin": [6, 1, 3.125]},
			"faces": {
				"north": {"uv": [0.5, 13, 1, 13.5], "texture": "#0"},
				"east": {"uv": [13, 0.5, 13.5, 1], "texture": "#0"},
				"south": {"uv": [1, 13, 1.5, 13.5], "texture": "#0"},
				"west": {"uv": [13, 1, 13.5, 1.5], "texture": "#0"},
				"up": {"uv": [2, 13.5, 1.5, 13], "texture": "#0"},
				"down": {"uv": [13.5, 1.5, 13, 2], "texture": "#0"}
			}
		},
		{
			"from": [8, 1, 7.125],
			"to": [9, 1.25, 8.125],
			"rotation": {"angle": 0, "axis": "y", "origin": [6, 1, 5.125]},
			"faces": {
				"north": {"uv": [2, 13, 2.5, 13.5], "texture": "#0"},
				"east": {"uv": [13, 2, 13.5, 2.5], "texture": "#0"},
				"south": {"uv": [2.5, 13, 3, 13.5], "texture": "#0"},
				"west": {"uv": [13, 2.5, 13.5, 3], "texture": "#0"},
				"up": {"uv": [3.5, 13.5, 3, 13], "texture": "#0"},
				"down": {"uv": [13.5, 3, 13, 3.5], "texture": "#0"}
			}
		},
		{
			"from": [8, 1, 9.125],
			"to": [9, 1.25, 10.125],
			"rotation": {"angle": 0, "axis": "y", "origin": [6, 1, 7.125]},
			"faces": {
				"north": {"uv": [3.5, 13, 4, 13.5], "texture": "#0"},
				"east": {"uv": [13, 3.5, 13.5, 4], "texture": "#0"},
				"south": {"uv": [4, 13, 4.5, 13.5], "texture": "#0"},
				"west": {"uv": [13, 4, 13.5, 4.5], "texture": "#0"},
				"up": {"uv": [5, 13.5, 4.5, 13], "texture": "#0"},
				"down": {"uv": [13.5, 4.5, 13, 5], "texture": "#0"}
			}
		},
		{
			"from": [8, 1, 11.125],
			"to": [9, 1.25, 12.125],
			"rotation": {"angle": 0, "axis": "y", "origin": [6, 1, 9.125]},
			"faces": {
				"north": {"uv": [5, 13, 5.5, 13.5], "texture": "#0"},
				"east": {"uv": [5.5, 13, 6, 13.5], "texture": "#0"},
				"south": {"uv": [6, 13, 6.5, 13.5], "texture": "#0"},
				"west": {"uv": [6.5, 13, 7, 13.5], "texture": "#0"},
				"up": {"uv": [7.5, 13.5, 7, 13], "texture": "#0"},
				"down": {"uv": [10, 13, 9.5, 13.5], "texture": "#0"}
			}
		},
		{
			"from": [5, 0.875, 4.125],
			"to": [10, 1, 13.125],
			"rotation": {"angle": 0, "axis": "y", "origin": [7, 0.875, 8.125]},
			"faces": {
				"north": {"uv": [5, 11, 7.5, 11.5], "texture": "#0"},
				"east": {"uv": [10, 6, 14.5, 6.5], "texture": "#0"},
				"south": {"uv": [9.5, 11, 12, 11.5], "texture": "#0"},
				"west": {"uv": [10, 6.5, 14.5, 7], "texture": "#0"},
				"up": {"uv": [2.5, 9, 0, 4.5], "rotation": 180, "texture": "#0"},
				"down": {"uv": [5, 4.5, 2.5, 9], "texture": "#0"}
			}
		},
		{
			"from": [8, 0.375, 13.175],
			"to": [9, 0.625, 14.175],
			"rotation": {"angle": 0, "axis": "y", "origin": [6, 0.375, 11.175]},
			"faces": {
				"north": {"uv": [10, 13, 10.5, 13.5], "texture": "#0"},
				"east": {"uv": [13, 10, 13.5, 10.5], "texture": "#0"},
				"south": {"uv": [10.5, 13, 11, 13.5], "texture": "#0"},
				"west": {"uv": [13, 10.5, 13.5, 11], "texture": "#0"},
				"up": {"uv": [11.5, 13.5, 11, 13], "texture": "#0"},
				"down": {"uv": [13.5, 11, 13, 11.5], "texture": "#0"}
			}
		},
		{
			"from": [6, 0.375, 7.175],
			"to": [7, 0.625, 8.175],
			"rotation": {"angle": 0, "axis": "y", "origin": [4, 0.375, 5.175]},
			"faces": {
				"north": {"uv": [11.5, 13, 12, 13.5], "texture": "#0"},
				"east": {"uv": [13, 11.5, 13.5, 12], "texture": "#0"},
				"south": {"uv": [12, 13, 12.5, 13.5], "texture": "#0"},
				"west": {"uv": [13, 12, 13.5, 12.5], "texture": "#0"},
				"up": {"uv": [13, 13.5, 12.5, 13], "texture": "#0"},
				"down": {"uv": [13.5, 12.5, 13, 13], "texture": "#0"}
			}
		},
		{
			"from": [6, 0.375, 9.175],
			"to": [7, 0.625, 10.175],
			"rotation": {"angle": 0, "axis": "y", "origin": [4, 0.375, 7.175]},
			"faces": {
				"north": {"uv": [13, 13, 13.5, 13.5], "texture": "#0"},
				"east": {"uv": [0, 13.5, 0.5, 14], "texture": "#0"},
				"south": {"uv": [13.5, 0, 14, 0.5], "texture": "#0"},
				"west": {"uv": [0.5, 13.5, 1, 14], "texture": "#0"},
				"up": {"uv": [14, 1, 13.5, 0.5], "texture": "#0"},
				"down": {"uv": [1.5, 13.5, 1, 14], "texture": "#0"}
			}
		},
		{
			"from": [6, 0.375, 11.175],
			"to": [7, 0.625, 12.175],
			"rotation": {"angle": 0, "axis": "y", "origin": [4, 0.375, 9.175]},
			"faces": {
				"north": {"uv": [13.5, 1, 14, 1.5], "texture": "#0"},
				"east": {"uv": [1.5, 13.5, 2, 14], "texture": "#0"},
				"south": {"uv": [13.5, 1.5, 14, 2], "texture": "#0"},
				"west": {"uv": [2, 13.5, 2.5, 14], "texture": "#0"},
				"up": {"uv": [14, 2.5, 13.5, 2], "texture": "#0"},
				"down": {"uv": [3, 13.5, 2.5, 14], "texture": "#0"}
			}
		},
		{
			"from": [6, 0.375, 13.175],
			"to": [7, 0.625, 14.175],
			"rotation": {"angle": 0, "axis": "y", "origin": [4, 0.375, 11.175]},
			"faces": {
				"north": {"uv": [13.5, 2.5, 14, 3], "texture": "#0"},
				"east": {"uv": [3, 13.5, 3.5, 14], "texture": "#0"},
				"south": {"uv": [13.5, 3, 14, 3.5], "texture": "#0"},
				"west": {"uv": [3.5, 13.5, 4, 14], "texture": "#0"},
				"up": {"uv": [14, 4, 13.5, 3.5], "texture": "#0"},
				"down": {"uv": [4.5, 13.5, 4, 14], "texture": "#0"}
			}
		},
		{
			"from": [8, 0.375, 11.175],
			"to": [9, 0.625, 12.175],
			"rotation": {"angle": 0, "axis": "y", "origin": [6, 0.375, 9.175]},
			"faces": {
				"north": {"uv": [13.5, 4, 14, 4.5], "texture": "#0"},
				"east": {"uv": [4.5, 13.5, 5, 14], "texture": "#0"},
				"south": {"uv": [13.5, 4.5, 14, 5], "texture": "#0"},
				"west": {"uv": [5, 13.5, 5.5, 14], "texture": "#0"},
				"up": {"uv": [6, 14, 5.5, 13.5], "texture": "#0"},
				"down": {"uv": [6.5, 13.5, 6, 14], "texture": "#0"}
			}
		},
		{
			"from": [8, 0.375, 9.175],
			"to": [9, 0.625, 10.175],
			"rotation": {"angle": 0, "axis": "y", "origin": [6, 0.375, 7.175]},
			"faces": {
				"north": {"uv": [6.5, 13.5, 7, 14], "texture": "#0"},
				"east": {"uv": [7, 13.5, 7.5, 14], "texture": "#0"},
				"south": {"uv": [13.5, 9, 14, 9.5], "texture": "#0"},
				"west": {"uv": [9.5, 13.5, 10, 14], "texture": "#0"},
				"up": {"uv": [14, 10, 13.5, 9.5], "texture": "#0"},
				"down": {"uv": [10.5, 13.5, 10, 14], "texture": "#0"}
			}
		},
		{
			"from": [8, 0.375, 7.175],
			"to": [9, 0.625, 8.175],
			"rotation": {"angle": 0, "axis": "y", "origin": [6, 0.375, 5.175]},
			"faces": {
				"north": {"uv": [13.5, 10, 14, 10.5], "texture": "#0"},
				"east": {"uv": [10.5, 13.5, 11, 14], "texture": "#0"},
				"south": {"uv": [13.5, 10.5, 14, 11], "texture": "#0"},
				"west": {"uv": [11, 13.5, 11.5, 14], "texture": "#0"},
				"up": {"uv": [14, 11.5, 13.5, 11], "texture": "#0"},
				"down": {"uv": [12, 13.5, 11.5, 14], "texture": "#0"}
			}
		},
		{
			"from": [4.75, 0, 2.75],
			"to": [10.25, 1.5, 3],
			"rotation": {"angle": 0, "axis": "y", "origin": [5, 0, 1]},
			"faces": {
				"north": {"uv": [10, 0, 13, 1], "texture": "#0"},
				"east": {"uv": [4, 12, 4.5, 13], "texture": "#0"},
				"south": {"uv": [10, 1, 13, 2], "texture": "#0"},
				"west": {"uv": [4.5, 12, 5, 13], "texture": "#0"},
				"up": {"uv": [12.5, 10.5, 9.5, 10], "texture": "#0"},
				"down": {"uv": [12.5, 10.5, 9.5, 11], "texture": "#0"}
			}
		},
		{
			"from": [10, 0, 3],
			"to": [10.25, 1.5, 12.25],
			"rotation": {"angle": 0, "axis": "y", "origin": [10.5, 0, 1.25]},
			"faces": {
				"north": {"uv": [5, 12, 5.5, 13], "texture": "#0"},
				"east": {"uv": [0, 9, 4.5, 10], "texture": "#0"},
				"south": {"uv": [5.5, 12, 6, 13], "texture": "#0"},
				"west": {"uv": [4.5, 9, 9, 10], "texture": "#0"},
				"up": {"uv": [8, 14.5, 7.5, 10], "texture": "#0"},
				"down": {"uv": [8.5, 10, 8, 14.5], "texture": "#0"}
			}
		},
		{
			"from": [4.75, 0, 3],
			"to": [5, 1.5, 12.25],
			"rotation": {"angle": 0, "axis": "y", "origin": [5, 0, 1.25]},
			"faces": {
				"north": {"uv": [6, 12, 6.5, 13], "texture": "#0"},
				"east": {"uv": [9, 9, 13.5, 10], "texture": "#0"},
				"south": {"uv": [6.5, 12, 7, 13], "texture": "#0"},
				"west": {"uv": [0, 10, 4.5, 11], "texture": "#0"},
				"up": {"uv": [9, 14.5, 8.5, 10], "texture": "#0"},
				"down": {"uv": [9.5, 10, 9, 14.5], "texture": "#0"}
			}
		},
		{
			"from": [5, 0, 3],
			"to": [10, 0.15, 12.25],
			"rotation": {"angle": 0, "axis": "y", "origin": [5.5, 0, 1.25]},
			"faces": {
				"north": {"uv": [0, 11.5, 2.5, 12], "texture": "#0"},
				"east": {"uv": [10, 7, 14.5, 7.5], "texture": "#0"},
				"south": {"uv": [2.5, 11.5, 5, 12], "texture": "#0"},
				"west": {"uv": [10, 7.5, 14.5, 8], "texture": "#0"},
				"up": {"uv": [7.5, 4.5, 5, 0], "texture": "#0"},
				"down": {"uv": [7.5, 4.5, 5, 9], "texture": "#0"}
			}
		},
		{
			"from": [5, 1.35, 3],
			"to": [10, 1.5, 12.25],
			"rotation": {"angle": 0, "axis": "y", "origin": [5.5, 1.35, 1.25]},
			"faces": {
				"north": {"uv": [5, 11.5, 7.5, 12], "texture": "#0"},
				"east": {"uv": [10, 8, 14.5, 8.5], "texture": "#0"},
				"south": {"uv": [9.5, 11.5, 12, 12], "texture": "#0"},
				"west": {"uv": [10, 8.5, 14.5, 9], "texture": "#0"},
				"up": {"uv": [10, 4.5, 7.5, 0], "texture": "#0"},
				"down": {"uv": [10, 4.5, 7.5, 9], "texture": "#0"}
			}
		},
		{
			"from": [4.75, 5.725, 10.775],
			"to": [10.25, 5.725, 13.025],
			"rotation": {"angle": 22.5, "axis": "x", "origin": [5.5, 5.575, 2.025]},
			"faces": {
				"north": {"uv": [0, 0, 3, 0], "texture": "#0"},
				"east": {"uv": [0, 0, 1, 0], "texture": "#0"},
				"south": {"uv": [0, 0, 3, 0], "texture": "#0"},
				"west": {"uv": [0, 0, 1, 0], "texture": "#0"},
				"up": {"uv": [13, 3, 10, 2], "texture": "#0"},
				"down": {"uv": [13, 3, 10, 4], "texture": "#0"}
			}
		},
		{
			"from": [4.75, -4.2, 10.9],
			"to": [10.25, -4.2, 13.15],
			"rotation": {"angle": -22.5, "axis": "x", "origin": [5.5, -4.35, 2.15]},
			"faces": {
				"north": {"uv": [0, 0, 3, 0], "texture": "#0"},
				"east": {"uv": [0, 0, 1, 0], "texture": "#0"},
				"south": {"uv": [0, 0, 3, 0], "texture": "#0"},
				"west": {"uv": [0, 0, 1, 0], "texture": "#0"},
				"up": {"uv": [13, 5, 10, 4], "texture": "#0"},
				"down": {"uv": [7.5, 10, 4.5, 11], "texture": "#0"}
			}
		},
		{
			"from": [10.4, 0, 12.825],
			"to": [12.1, 1.5, 12.825],
			"rotation": {"angle": 22.5, "axis": "y", "origin": [8.85, -9.25, 12.975]},
			"faces": {
				"north": {"uv": [0, 12, 1, 13], "texture": "#0"},
				"east": {"uv": [0, 0, 0, 1], "texture": "#0"},
				"south": {"uv": [1, 12, 2, 13], "texture": "#0"},
				"west": {"uv": [0, 0, 0, 1], "texture": "#0"},
				"up": {"uv": [1, 0, 0, 0], "texture": "#0"},
				"down": {"uv": [1, 0, 0, 0], "texture": "#0"}
			}
		},
		{
			"from": [3.25, 0, 11],
			"to": [4.95, 1.5, 11],
			"rotation": {"angle": -22.5, "axis": "y", "origin": [1.7, -9.25, 11.15]},
			"faces": {
				"north": {"uv": [2, 12, 3, 13], "texture": "#0"},
				"east": {"uv": [0, 0, 0, 1], "texture": "#0"},
				"south": {"uv": [3, 12, 4, 13], "texture": "#0"},
				"west": {"uv": [0, 0, 0, 1], "texture": "#0"},
				"up": {"uv": [1, 0, 0, 0], "texture": "#0"},
				"down": {"uv": [1, 0, 0, 0], "texture": "#0"}
			}
		}
	],
	"display": {
		"thirdperson_righthand": {
			"rotation": [110, -163, 0],
			"translation": [-0.5, 0, 5.25],
			"scale": [0.5, 0.5, 0.5]
		},
		"firstperson_righthand": {
			"rotation": [25, -151, 13],
			"translation": [3, 7.5, 4]
		},
		"ground": {
			"translation": [0, 3.75, 0],
			"scale": [0.6, 0.6, 0.6]
		},
		"gui": {
			"rotation": [28, -49, 0],
			"translation": [1, 7.25, 0],
			"scale": [1.31, 1.31, 1.26]
		},
		"head": {
			"translation": [1.75, 5.75, -0.5],
			"scale": [1.6, 1.6, 1.6]
		}
	},
	"groups": [
		{
			"name": "quartz",
			"origin": [8, 8, 8],
			"color": 0,
			"children": [
				{
					"name": "quartz",
					"origin": [8, 8, 8],
					"color": 0,
					"children": [0, 1, 2, 3, 4, 5, 6, 7, 8, 9, 10, 11, 12, 13, 14, 15, 16, 17, 18, 19, 20, 21, 22, 23, 24, 25, 26]
				}
			]
		}
	]
}