{
	"format_version": "1.21.6",
	"credit": "Made with Blockbench",
	"texture_size": [64, 64],
	"textures": {
		"0": "block/has/gydrant",
		"particle": "block/has/gydrant"
	},
	"elements": [
		{
			"from": [6, 0, 6],
			"to": [12, 12, 12],
			"rotation": {"angle": 0, "axis": "y", "origin": [2, 0, 2]},
			"faces": {
				"north": {"uv": [0, 0, 1.5, 3], "texture": "#0"},
				"east": {"uv": [1.5, 0, 3, 3], "texture": "#0"},
				"south": {"uv": [0, 3, 1.5, 6], "texture": "#0"},
				"west": {"uv": [3, 0, 4.5, 3], "texture": "#0"},
				"up": {"uv": [5, 6.5, 3.5, 5], "texture": "#0"},
				"down": {"uv": [6.5, 5, 5, 6.5], "texture": "#0"}
			}
		},
		{
			"from": [12, 7, 7.25],
			"to": [16, 10, 10.25],
			"rotation": {"angle": 0, "axis": "y", "origin": [10, 0, 4.25]},
			"faces": {
				"north": {"uv": [4.5, 2, 5.5, 2.75], "texture": "#0"},
				"east": {"uv": [6.75, 3.25, 7.5, 4], "texture": "#0"},
				"south": {"uv": [0, 6.75, 1, 7.5], "texture": "#0"},
				"west": {"uv": [6.75, 4, 7.5, 4.75], "texture": "#0"},
				"up": {"uv": [7.75, 2.5, 6.75, 1.75], "texture": "#0"},
				"down": {"uv": [7.75, 2.5, 6.75, 3.25], "texture": "#0"}
			}
		},
		{
			"from": [7.75, 7.5, 3],
			"to": [10.25, 10, 6],
			"rotation": {"angle": 0, "axis": "y", "origin": [5.25, 0.5, 0]},
			"faces": {
				"north": {"uv": [6.75, 6.25, 7.5, 7], "texture": "#0"},
				"east": {"uv": [1, 7, 1.75, 7.75], "texture": "#0"},
				"south": {"uv": [1.75, 7, 2.5, 7.75], "texture": "#0"},
				"west": {"uv": [2.5, 7, 3.25, 7.75], "texture": "#0"},
				"up": {"uv": [4, 7.75, 3.25, 7], "texture": "#0"},
				"down": {"uv": [4.75, 7, 4, 7.75], "texture": "#0"}
			}
		},
		{
			"from": [7.75, 7.5, 12],
			"to": [10.25, 10, 15],
			"rotation": {"angle": 0, "axis": "y", "origin": [5.25, 0.5, 9]},
			"faces": {
				"north": {"uv": [4.75, 7, 5.5, 7.75], "texture": "#0"},
				"east": {"uv": [6.75, 7, 7.5, 7.75], "texture": "#0"},
				"south": {"uv": [5.5, 7.25, 6.25, 8], "texture": "#0"},
				"west": {"uv": [0, 7.5, 0.75, 8.25], "texture": "#0"},
				"up": {"uv": [8.25, 4, 7.5, 3.25], "texture": "#0"},
				"down": {"uv": [8.25, 4, 7.5, 4.75], "texture": "#0"}
			}
		},
		{
			"from": [8.25, 8, 15],
			"to": [9.75, 9.5, 15.5],
			"rotation": {"angle": 0, "axis": "y", "origin": [5.25, 0.5, 12]},
			"faces": {
				"north": {"uv": [7.5, 7.5, 8, 8], "texture": "#0"},
				"east": {"uv": [2.75, 7.75, 3, 8.25], "texture": "#0"},
				"south": {"uv": [0.75, 7.75, 1.25, 8.25], "texture": "#0"},
				"west": {"uv": [7.75, 2.75, 8, 3.25], "texture": "#0"},
				"up": {"uv": [5, 3, 4.5, 2.75], "texture": "#0"},
				"down": {"uv": [5.5, 2.75, 5, 3], "texture": "#0"}
			}
		},
		{
			"from": [8.25, 8, 2.5],
			"to": [9.75, 9.5, 3],
			"rotation": {"angle": 0, "axis": "y", "origin": [5.25, 0.5, -0.5]},
			"faces": {
				"north": {"uv": [1.25, 7.75, 1.75, 8.25], "texture": "#0"},
				"east": {"uv": [3, 7.75, 3.25, 8.25], "texture": "#0"},
				"south": {"uv": [1.75, 7.75, 2.25, 8.25], "texture": "#0"},
				"west": {"uv": [3.25, 7.75, 3.5, 8.25], "texture": "#0"},
				"up": {"uv": [1.5, 7, 1, 6.75], "texture": "#0"},
				"down": {"uv": [4, 7.75, 3.5, 8], "texture": "#0"}
			}
		},
		{
			"from": [16, 7.75, 8],
			"to": [16.55, 9.25, 9.5],
			"rotation": {"angle": 0, "axis": "y", "origin": [14, -0.5, 4.75]},
			"faces": {
				"north": {"uv": [7.75, 1.75, 8, 2.25], "texture": "#0"},
				"east": {"uv": [6.25, 7.25, 6.75, 7.75], "texture": "#0"},
				"south": {"uv": [2.25, 7.75, 2.5, 8.25], "texture": "#0"},
				"west": {"uv": [7.5, 7, 8, 7.5], "texture": "#0"},
				"up": {"uv": [8, 2.75, 7.75, 2.25], "texture": "#0"},
				"down": {"uv": [2.75, 7.75, 2.5, 8.25], "texture": "#0"}
			}
		},
		{
			"from": [6.1, 12, 6.25],
			"to": [11.6, 15, 11.75],
			"rotation": {"angle": 0, "axis": "y", "origin": [2.85, 12, 3]},
			"faces": {
				"north": {"uv": [5.5, 6.5, 6.75, 7.25], "texture": "#0"},
				"east": {"uv": [0, 6, 1.5, 6.75], "texture": "#0"},
				"south": {"uv": [6.5, 5.5, 7.75, 6.25], "texture": "#0"},
				"west": {"uv": [6.5, 0, 8, 0.75], "texture": "#0"},
				"up": {"uv": [6.75, 3.5, 5.5, 2], "texture": "#0"},
				"down": {"uv": [6.75, 3.5, 5.5, 5], "texture": "#0"}
			}
		},
		{
			"from": [5.1, 11, 5.25],
			"to": [12.6, 12.25, 12.75],
			"rotation": {"angle": 0, "axis": "y", "origin": [2.85, 9, 3]},
			"faces": {
				"north": {"uv": [6.75, 4.75, 8.75, 5], "texture": "#0"},
				"east": {"uv": [7.5, 6.25, 9.5, 6.5], "texture": "#0"},
				"south": {"uv": [7.5, 6.5, 9.5, 6.75], "texture": "#0"},
				"west": {"uv": [7.5, 6.75, 9.5, 7], "texture": "#0"},
				"up": {"uv": [3.5, 5, 1.5, 3], "texture": "#0"},
				"down": {"uv": [5.5, 3, 3.5, 5], "texture": "#0"}
			}
		},
		{
			"from": [5.25, 0, 5.325],
			"to": [12.75, 2.25, 12.825],
			"rotation": {"angle": 0, "axis": "y", "origin": [2, -2, 2.075]},
			"faces": {
				"north": {"uv": [6.5, 0.75, 8.5, 1.25], "texture": "#0"},
				"east": {"uv": [6.5, 1.25, 8.5, 1.75], "texture": "#0"},
				"south": {"uv": [3.5, 6.5, 5.5, 7], "texture": "#0"},
				"west": {"uv": [6.5, 5, 8.5, 5.5], "texture": "#0"},
				"up": {"uv": [6.5, 2, 4.5, 0], "texture": "#0"},
				"down": {"uv": [3.5, 5, 1.5, 7], "texture": "#0"}
			}
		},
		{
			"from": [8.35, 15, 8.5],
			"to": [9.35, 16, 9.5],
			"rotation": {"angle": 0, "axis": "y", "origin": [3.35, 15, 3.5]},
			"faces": {
				"north": {"uv": [6.5, 1.75, 6.75, 2], "texture": "#0"},
				"east": {"uv": [6.5, 6.25, 6.75, 6.5], "texture": "#0"},
				"south": {"uv": [0.75, 7.5, 1, 7.75], "texture": "#0"},
				"west": {"uv": [4, 7.75, 4.25, 8], "texture": "#0"},
				"up": {"uv": [4.5, 8, 4.25, 7.75], "texture": "#0"},
				"down": {"uv": [4.75, 7.75, 4.5, 8], "texture": "#0"}
			}
		}
	],
	"display": {
		"thirdperson_righthand": {
			"rotation": [0, -146, 0],
			"translation": [0.25, 0, 0],
			"scale": [0.52, 0.58, 0.52]
		},
		"thirdperson_lefthand": {
			"rotation": [1.1, -17.02, 7.29],
			"translation": [0.75, 0.25, 0],
			"scale": [0.52, 0.58, 0.52]
		},
		"firstperson_righthand": {
			"rotation": [11, -168, 0],
			"translation": [1.75, 3, 0],
			"scale": [0.62, 0.73, 0.62]
		},
		"firstperson_lefthand": {
			"rotation": [11, 7, 0],
			"translation": [2.75, 3, -1.75],
			"scale": [0.62, 0.73, 0.62]
		},
		"ground": {
			"translation": [0, 3.25, 0],
			"scale": [0.48, 0.48, 0.48]
		},
		"gui": {
			"rotation": [34, -28, 0],
			"translation": [-0.5, 1.5, 0]
		}
	}
}