{
	"format_version": "1.21.6",
	"credit": "Made with Blockbench",
	"texture_size": [64, 64],
	"textures": {
		"0": "block/cold_moon",
		"particle": "block/cold_moon"
	},
	"elements": [
		{
			"from": [1.9, 12.1, 1.9],
			"to": [14.1, 12.1, 14.1],
			"rotation": {"angle": 0, "axis": "y", "origin": [7, 0.1, 7]},
			"faces": {
				"north": {"uv": [0, 0, 3, 0], "texture": "#0"},
				"east": {"uv": [0, 0, 3, 0], "texture": "#0"},
				"south": {"uv": [0, 0, 3, 0], "texture": "#0"},
				"west": {"uv": [0, 0, 3, 0], "texture": "#0"},
				"up": {"uv": [3, 3, 0, 0], "texture": "#0"},
				"down": {"uv": [3, 3, 0, 6], "texture": "#0"}
			}
		},
		{
			"from": [2, 0, 2],
			"to": [14, 12, 14],
			"rotation": {"angle": 0, "axis": "y", "origin": [7, 0, 7]},
			"faces": {
				"north": {"uv": [3, 0, 6, 3], "texture": "#0"},
				"east": {"uv": [3, 3, 6, 6], "texture": "#0"},
				"south": {"uv": [0, 6, 3, 9], "texture": "#0"},
				"west": {"uv": [6, 0, 9, 3], "texture": "#0"},
				"up": {"uv": [6, 9, 3, 6], "texture": "#0"},
				"down": {"uv": [9, 3, 6, 6], "texture": "#0"}
			}
		},
		{
			"from": [1.9, -0.1, 1.9],
			"to": [14.1, -0.1, 14.1],
			"rotation": {"angle": 0, "axis": "y", "origin": [7, -0.1, 7]},
			"faces": {
				"north": {"uv": [0, 0, 3, 0], "texture": "#0"},
				"east": {"uv": [0, 0, 3, 0], "texture": "#0"},
				"south": {"uv": [0, 0, 3, 0], "texture": "#0"},
				"west": {"uv": [0, 0, 3, 0], "texture": "#0"},
				"up": {"uv": [3, 15, 0, 12], "texture": "#0"},
				"down": {"uv": [15, 0, 12, 3], "texture": "#0"}
			}
		},
		{
			"from": [1.9, -0.1, 1.9],
			"to": [1.9, 12.1, 14.1],
			"rotation": {"angle": 0, "axis": "y", "origin": [6.9, 0, 7]},
			"faces": {
				"north": {"uv": [0, 0, 0, 3], "texture": "#0"},
				"east": {"uv": [9, 6, 12, 9], "texture": "#0"},
				"south": {"uv": [0, 0, 0, 3], "texture": "#0"},
				"west": {"uv": [9, 9, 12, 12], "texture": "#0"},
				"up": {"uv": [0, 3, 0, 0], "texture": "#0"},
				"down": {"uv": [0, 0, 0, 3], "texture": "#0"}
			}
		},
		{
			"from": [14.1, -0.1, 1.9],
			"to": [14.1, 12.1, 14.1],
			"rotation": {"angle": 0, "axis": "y", "origin": [7.1, 0, 7]},
			"faces": {
				"north": {"uv": [0, 0, 0, 3], "texture": "#0"},
				"east": {"uv": [9, 3, 12, 6], "texture": "#0"},
				"south": {"uv": [0, 0, 0, 3], "texture": "#0"},
				"west": {"uv": [6, 9, 9, 12], "texture": "#0"},
				"up": {"uv": [0, 3, 0, 0], "texture": "#0"},
				"down": {"uv": [0, 0, 0, 3], "texture": "#0"}
			}
		},
		{
			"from": [1.9, -0.1, 14.1],
			"to": [14.1, 12.1, 14.1],
			"rotation": {"angle": 0, "axis": "y", "origin": [7, 0, 7.1]},
			"faces": {
				"north": {"uv": [9, 0, 12, 3], "texture": "#0"},
				"east": {"uv": [0, 0, 0, 3], "texture": "#0"},
				"south": {"uv": [3, 9, 6, 12], "texture": "#0"},
				"west": {"uv": [0, 0, 0, 3], "texture": "#0"},
				"up": {"uv": [3, 0, 0, 0], "texture": "#0"},
				"down": {"uv": [3, 0, 0, 0], "texture": "#0"}
			}
		},
		{
			"from": [1.9, -0.1, 1.9],
			"to": [14.1, 12.1, 1.9],
			"rotation": {"angle": 0, "axis": "y", "origin": [7, 0, 6.9]},
			"faces": {
				"north": {"uv": [6, 6, 9, 9], "texture": "#0"},
				"east": {"uv": [0, 0, 0, 3], "texture": "#0"},
				"south": {"uv": [0, 9, 3, 12], "texture": "#0"},
				"west": {"uv": [0, 0, 0, 3], "texture": "#0"},
				"up": {"uv": [3, 0, 0, 0], "texture": "#0"},
				"down": {"uv": [3, 0, 0, 0], "texture": "#0"}
			}
		}
	],
	"display": {
		"thirdperson_righthand": {
			"scale": [0.32, 0.32, 0.32]
		},
		"thirdperson_lefthand": {
			"scale": [0.41, 0.41, 0.41]
		},
		"firstperson_righthand": {
			"rotation": [14, 21, 0],
			"translation": [2.25, 3.75, -1.5],
			"scale": [0.39, 0.39, 0.39]
		},
		"ground": {
			"scale": [0.43, 0.43, 0.43]
		}
	}
}