{
	"format_version": "1.21.6",
	"credit": "Made with Blockbench",
	"texture_size": [64, 64],
	"textures": {
		"0": "block/optionbook",
		"particle": "block/optionbook"
	},
	"elements": [
		{
			"from": [4, 1, 7],
			"to": [12, 14, 9],
			"rotation": {"angle": 0, "axis": "y", "origin": [8, 1, 7]},
			"faces": {
				"north": {"uv": [5, 0, 7, 3.25], "texture": "#0"},
				"east": {"uv": [2.5, 7, 3, 10.25], "texture": "#0"},
				"south": {"uv": [5, 3.25, 7, 6.5], "texture": "#0"},
				"west": {"uv": [3, 7, 3.5, 10.25], "texture": "#0"},
				"up": {"uv": [9, 5.25, 7, 4.75], "texture": "#0"},
				"down": {"uv": [9, 5.25, 7, 5.75], "texture": "#0"}
			}
		},
		{
			"from": [3.5, 0.75, 6],
			"to": [13, 14.25, 7],
			"rotation": {"angle": 0, "axis": "y", "origin": [8, 1, 6]},
			"faces": {
				"north": {"uv": [0, 0, 2.5, 3.5], "texture": "#0"},
				"east": {"uv": [4.5, 7, 4.75, 10.5], "texture": "#0"},
				"south": {"uv": [2.5, 0, 5, 3.5], "texture": "#0"},
				"west": {"uv": [4.75, 7, 5, 10.5], "texture": "#0"},
				"up": {"uv": [10.25, 1.75, 7.75, 1.5], "texture": "#0"},
				"down": {"uv": [10.25, 1.75, 7.75, 2], "texture": "#0"}
			}
		},
		{
			"from": [3, 6, 5.5],
			"to": [6.5, 9.25, 10.5],
			"rotation": {"angle": 0, "axis": "y", "origin": [8, 7, 8.5]},
			"faces": {
				"north": {"uv": [7.75, 0, 8.75, 0.75], "texture": "#0"},
				"east": {"uv": [7, 5.75, 8.25, 6.5], "texture": "#0"},
				"south": {"uv": [7.75, 0.75, 8.75, 1.5], "texture": "#0"},
				"west": {"uv": [7, 6.5, 8.25, 7.25], "texture": "#0"},
				"up": {"uv": [4.5, 8.25, 3.5, 7], "texture": "#0"},
				"down": {"uv": [8, 3.5, 7, 4.75], "texture": "#0"}
			}
		},
		{
			"from": [3.5, 0.75, 9],
			"to": [13, 14.25, 10],
			"rotation": {"angle": 0, "axis": "y", "origin": [8, 1, 9]},
			"faces": {
				"north": {"uv": [0, 3.5, 2.5, 7], "texture": "#0"},
				"east": {"uv": [7, 7.25, 7.25, 10.75], "texture": "#0"},
				"south": {"uv": [2.5, 3.5, 5, 7], "texture": "#0"},
				"west": {"uv": [7.25, 7.25, 7.5, 10.75], "texture": "#0"},
				"up": {"uv": [10.25, 2.25, 7.75, 2], "texture": "#0"},
				"down": {"uv": [10.25, 2.25, 7.75, 2.5], "texture": "#0"}
			}
		},
		{
			"from": [12, 0.75, 7],
			"to": [13, 14.25, 9],
			"rotation": {"angle": 0, "axis": "y", "origin": [8, 1, 8]},
			"faces": {
				"north": {"uv": [7.5, 0, 7.75, 3.5], "texture": "#0"},
				"east": {"uv": [7, 0, 7.5, 3.5], "texture": "#0"},
				"south": {"uv": [7.5, 7.25, 7.75, 10.75], "texture": "#0"},
				"west": {"uv": [2, 7, 2.5, 10.5], "texture": "#0"},
				"up": {"uv": [8, 3, 7.75, 2.5], "texture": "#0"},
				"down": {"uv": [8, 3, 7.75, 3.5], "texture": "#0"}
			}
		},
		{
			"from": [7.75, -7.25, 7.325],
			"to": [15.75, 0.75, 7.325],
			"rotation": {"angle": 0, "axis": "y", "origin": [9.75, -1.25, 5.325]},
			"faces": {
				"north": {"uv": [5, 6.5, 7, 8.5], "texture": "#0"},
				"east": {"uv": [0, 0, 0, 2], "texture": "#0"},
				"south": {"uv": [7, 6.5, 5, 8.5], "texture": "#0"},
				"west": {"uv": [0, 0, 0, 2], "texture": "#0"},
				"up": {"uv": [2, 0, 0, 0], "texture": "#0"},
				"down": {"uv": [2, 0, 0, 0], "texture": "#0"}
			}
		}
	],
	"display": {
		"thirdperson_righthand": {
			"rotation": [0, -82, 0],
			"scale": [0.47, 0.47, 0.47]
		},
		"firstperson_righthand": {
			"rotation": [5, 176, 0],
			"translation": [3.5, -0.75, -5]
		},
		"ground": {
			"scale": [0, 0, 0]
		},
		"gui": {
			"rotation": [28, 154, 0],
			"translation": [0, 0.75, 0]
		}
	}
}