{
	"format_version": "1.21.6",
	"credit": "Made with Blockbench",
	"textures": {
		"0": "block/knife",
		"particle": "block/knife"
	},
	"elements": [
		{
			"from": [6.5, 0, 7.35],
			"to": [7.5, 6, 8.75],
			"rotation": {"angle": 0, "axis": "y", "origin": [6, 0, 7]},
			"faces": {
				"north": {"uv": [7, 0, 8, 6], "texture": "#0"},
				"east": {"uv": [1, 7, 2, 13], "texture": "#0"},
				"south": {"uv": [2, 7, 3, 13], "texture": "#0"},
				"west": {"uv": [3, 7, 4, 13], "texture": "#0"},
				"up": {"uv": [9, 10, 8, 9], "texture": "#0"},
				"down": {"uv": [10, 9, 9, 10], "texture": "#0"}
			}
		},
		{
			"from": [6.95, 6, 6.25],
			"to": [7.075, 12.5, 8.75],
			"rotation": {"angle": 0, "axis": "y", "origin": [6, 6, 7]},
			"faces": {
				"north": {"uv": [6, 0, 7, 7], "texture": "#0"},
				"east": {"uv": [0, 0, 3, 7], "texture": "#0"},
				"south": {"uv": [0, 7, 1, 14], "texture": "#0"},
				"west": {"uv": [3, 0, 6, 7], "texture": "#0"},
				"up": {"uv": [9, 3, 8, 0], "texture": "#0"},
				"down": {"uv": [9, 3, 8, 6], "texture": "#0"}
			}
		},
		{
			"from": [6.95, 6, 5.5],
			"to": [7.075, 9.75, 6.25],
			"rotation": {"angle": 0, "axis": "y", "origin": [6, 6, 6.25]},
			"faces": {
				"north": {"uv": [4, 7, 5, 11], "texture": "#0"},
				"east": {"uv": [5, 7, 6, 11], "texture": "#0"},
				"south": {"uv": [6, 7, 7, 11], "texture": "#0"},
				"west": {"uv": [7, 6, 8, 10], "texture": "#0"},
				"up": {"uv": [11, 3, 10, 2], "texture": "#0"},
				"down": {"uv": [11, 3, 10, 4], "texture": "#0"}
			}
		},
		{
			"from": [6.95, 12.475, 7.75],
			"to": [7.075, 15, 8.75],
			"rotation": {"angle": 0, "axis": "y", "origin": [6, 8, 7.75]},
			"faces": {
				"north": {"uv": [8, 6, 9, 9], "texture": "#0"},
				"east": {"uv": [9, 0, 10, 3], "texture": "#0"},
				"south": {"uv": [9, 3, 10, 6], "texture": "#0"},
				"west": {"uv": [9, 6, 10, 9], "texture": "#0"},
				"up": {"uv": [11, 1, 10, 0], "texture": "#0"},
				"down": {"uv": [11, 1, 10, 2], "texture": "#0"}
			}
		}
	],
	"display": {
		"thirdperson_righthand": {
			"rotation": [3.29, 28.42, -12.96],
			"translation": [1.25, 4.25, 0.25],
			"scale": [0.79, 0.79, 0.79]
		},
		"thirdperson_lefthand": {
			"rotation": [2.2, 23.72, -10.47],
			"translation": [-0.75, 4.25, 1],
			"scale": [0.79, 0.79, 0.79]
		},
		"firstperson_righthand": {
			"rotation": [-20, -13, 11],
			"translation": [2.5, 3.5, 0]
		},
		"firstperson_lefthand": {
			"rotation": [-133, 0, 0],
			"translation": [2.5, 13.25, 0]
		},
		"ground": {
			"rotation": [0, 0, 90],
			"translation": [0, -1.75, 0]
		},
		"gui": {
			"rotation": [19, 40, -52],
			"translation": [1.25, 0, 0],
			"scale": [1.2, 1.2, 1.2]
		}
	},
	"groups": [
		{
			"name": "stick",
			"origin": [8, 8, 8],
			"color": 0,
			"children": [0, 1, 2, 3]
		}
	]
}