{
	"format_version": "1.21.6",
	"credit": "Made with Blockbench",
	"textures": {
		"0": "block/firework_box",
		"1": "item/firework_rocket",
		"2": "block/black_ten",
		"particle": "firework_box"
	},
	"elements": [
		{
			"from": [1, 0, 3],
			"to": [15, 7, 4],
			"rotation": {"angle": 0, "axis": "y", "origin": [2, 0, 3]},
			"faces": {
				"north": {"uv": [4.25, 0, 7.75, 1.75], "texture": "#0"},
				"east": {"uv": [4, 3.5, 6.5, 5.25], "texture": "#0"},
				"south": {"uv": [4, 1.75, 8, 3.5], "texture": "#0"},
				"west": {"uv": [0, 5, 2.5, 6.75], "texture": "#0"},
				"up": {"uv": [4, 0.25, 0, 0], "texture": "#0"},
				"down": {"uv": [4, 4.75, 0, 5], "texture": "#0"}
			}
		},
		{
			"from": [1, 0, 12],
			"to": [15, 7, 13],
			"rotation": {"angle": 0, "axis": "y", "origin": [2, 0, 12]},
			"faces": {
				"north": {"uv": [4, 0, 8, 1.75], "texture": "#0"},
				"east": {"uv": [4, 3.5, 6.5, 5.25], "texture": "#0"},
				"south": {"uv": [4.25, 1.75, 7.75, 3.5], "texture": "#0"},
				"west": {"uv": [0, 5, 2.5, 6.75], "texture": "#0"},
				"up": {"uv": [4, 2.5, 0, 2.25], "texture": "#0"},
				"down": {"uv": [4, 2.5, 0, 2.75], "texture": "#0"}
			}
		},
		{
			"from": [1, 0, 4],
			"to": [15, 3, 12],
			"rotation": {"angle": 0, "axis": "y", "origin": [2, 0, 11]},
			"faces": {
				"north": {"uv": [4, 0, 8, 1.75], "texture": "#0"},
				"east": {"uv": [4, 3.5, 6.5, 5.25], "texture": "#0"},
				"south": {"uv": [4, 1.75, 8, 3.5], "texture": "#0"},
				"west": {"uv": [0, 5, 2.5, 6.75], "texture": "#0"},
				"up": {"uv": [4, 2.5, 0, 0], "texture": "#0"},
				"down": {"uv": [3.75, 2.75, 0.25, 4.75], "texture": "#0"}
			}
		},
		{
			"from": [1, 5, 4],
			"to": [15, 5, 12],
			"rotation": {"angle": 0, "axis": "y", "origin": [2, 2, 11]},
			"faces": {
				"north": {"uv": [0, 0, 14, 0], "texture": "#2"},
				"east": {"uv": [0, 0, 8, 0], "texture": "#2"},
				"south": {"uv": [0, 0, 14, 0], "texture": "#2"},
				"west": {"uv": [0, 0, 8, 0], "texture": "#2"},
				"up": {"uv": [14, 8, 0, 0], "texture": "#2"},
				"down": {"uv": [14, 8, 0, 16], "texture": "#2"}
			}
		},
		{
			"from": [15, 0, 3],
			"to": [16, 7, 13],
			"rotation": {"angle": 0, "axis": "y", "origin": [2, 0, 11]},
			"faces": {
				"north": {"uv": [7.75, 0.25, 8, 1.75], "texture": "#0"},
				"east": {"uv": [4, 3.5, 6.5, 5.25], "texture": "#0"},
				"south": {"uv": [7.75, 1.75, 8, 3.5], "texture": "#0"},
				"west": {"uv": [0, 5, 2.5, 6.75], "texture": "#0"},
				"up": {"uv": [0.25, 2.5, 0, 0], "texture": "#0"},
				"down": {"uv": [0.25, 2.5, 0, 5], "texture": "#0"}
			}
		},
		{
			"from": [0, 0, 3],
			"to": [1, 7, 13],
			"rotation": {"angle": 0, "axis": "y", "origin": [-13, 0, 11]},
			"faces": {
				"north": {"uv": [4, 0, 4.25, 1.75], "texture": "#0"},
				"east": {"uv": [4, 3.5, 6.5, 5.25], "texture": "#0"},
				"south": {"uv": [4, 1.75, 4.25, 3.5], "texture": "#0"},
				"west": {"uv": [0, 5, 2.5, 6.75], "texture": "#0"},
				"up": {"uv": [4, 2.5, 3.75, 0], "texture": "#0"},
				"down": {"uv": [4, 2.75, 3.75, 5], "texture": "#0"}
			}
		},
		{
			"from": [0, 9.65, 13.425],
			"to": [16, 9.65, 17.425],
			"rotation": {"angle": 22.5, "axis": "x", "origin": [2, 9.65, 6.425]},
			"faces": {
				"north": {"uv": [0, 0, 4, 0], "texture": "#0"},
				"east": {"uv": [0, 0, 1, 0], "texture": "#0"},
				"south": {"uv": [0, 0, 4, 0], "texture": "#0"},
				"west": {"uv": [0, 0, 1, 0], "texture": "#0"},
				"up": {"uv": [6.5, 6.25, 2.5, 5.25], "texture": "#0"},
				"down": {"uv": [6.5, 6.25, 2.5, 7.25], "texture": "#0"}
			}
		},
		{
			"from": [0, 3.15, -0.175],
			"to": [16, 3.15, 3.825],
			"rotation": {"angle": -22.5, "axis": "x", "origin": [2, 3.15, -6.175]},
			"faces": {
				"north": {"uv": [0, 0, 4, 0], "texture": "#0"},
				"east": {"uv": [0, 0, 1, 0], "texture": "#0"},
				"south": {"uv": [0, 0, 4, 0], "texture": "#0"},
				"west": {"uv": [0, 0, 1, 0], "texture": "#0"},
				"up": {"uv": [10.5, 4.5, 6.5, 3.5], "texture": "#0"},
				"down": {"uv": [10.5, 4.5, 6.5, 5.5], "texture": "#0"}
			}
		},
		{
			"from": [4, 2, 4],
			"to": [4, 12, 9],
			"rotation": {"angle": -22.5, "axis": "y", "origin": [4, 2, 1]},
			"faces": {
				"north": {"uv": [0, 0, 0, 8], "texture": "#1"},
				"east": {"uv": [13, 0, 5, 16], "texture": "#1"},
				"south": {"uv": [0, 0, 0, 8], "texture": "#1"},
				"west": {"uv": [5, 0, 13, 16], "texture": "#1"},
				"up": {"uv": [0, 0, 0, 4], "texture": "#1"},
				"down": {"uv": [0, 0, 0, 4], "texture": "#1"}
			}
		},
		{
			"from": [7, 0, 4],
			"to": [12, 10, 4],
			"rotation": {"angle": 22.5, "axis": "y", "origin": [15, 0, 4]},
			"faces": {
				"north": {"uv": [5, 0, 13, 16], "texture": "#1"},
				"east": {"uv": [0, 0, 0, 8], "texture": "#1"},
				"south": {"uv": [13, 0, 5, 16], "texture": "#1"},
				"west": {"uv": [0, 0, 0, 8], "texture": "#1"},
				"up": {"uv": [0, 0, 0, 4], "rotation": 90, "texture": "#1"},
				"down": {"uv": [0, 0, 0, 4], "rotation": 270, "texture": "#1"}
			}
		},
		{
			"from": [2.525, 1.15, 12.15],
			"to": [7.525, 11.15, 12.15],
			"rotation": {"angle": -45, "axis": "y", "origin": [10.525, 1.15, 12.15]},
			"faces": {
				"north": {"uv": [5, 0, 13, 16], "texture": "#1"},
				"east": {"uv": [0, 0, 0, 8], "texture": "#1"},
				"south": {"uv": [13, 0, 5, 16], "texture": "#1"},
				"west": {"uv": [0, 0, 0, 8], "texture": "#1"},
				"up": {"uv": [0, 0, 0, 4], "rotation": 90, "texture": "#1"},
				"down": {"uv": [0, 0, 0, 4], "rotation": 270, "texture": "#1"}
			}
		},
		{
			"from": [3.15, 2.15, 7.65],
			"to": [3.15, 12.15, 12.65],
			"rotation": {"angle": 22.5, "axis": "z", "origin": [3.15, 2.15, 15.65]},
			"faces": {
				"north": {"uv": [0, 0, 0, 8], "texture": "#1"},
				"east": {"uv": [5, 0, 13, 16], "texture": "#1"},
				"south": {"uv": [0, 0, 0, 8], "texture": "#1"},
				"west": {"uv": [13, 0, 5, 16], "texture": "#1"},
				"up": {"uv": [0, 0, 0, 4], "rotation": 180, "texture": "#1"},
				"down": {"uv": [0, 0, 0, 4], "rotation": 180, "texture": "#1"}
			}
		},
		{
			"from": [5.7, -0.15, 7.9],
			"to": [5.7, 9.85, 12.9],
			"rotation": {"angle": -22.5, "axis": "y", "origin": [5.7, -0.15, 4.9]},
			"faces": {
				"north": {"uv": [0, 0, 0, 8], "texture": "#1"},
				"east": {"uv": [13, 0, 5, 16], "texture": "#1"},
				"south": {"uv": [0, 0, 0, 8], "texture": "#1"},
				"west": {"uv": [5, 0, 13, 16], "texture": "#1"},
				"up": {"uv": [0, 0, 0, 4], "texture": "#1"},
				"down": {"uv": [0, 0, 0, 4], "texture": "#1"}
			}
		},
		{
			"from": [8.5, 0.85, 6.9],
			"to": [8.5, 10.85, 11.9],
			"rotation": {"angle": 22.5, "axis": "y", "origin": [8.5, 0.85, 3.9]},
			"faces": {
				"north": {"uv": [0, 0, 0, 8], "texture": "#1"},
				"east": {"uv": [13, 0, 5, 16], "texture": "#1"},
				"south": {"uv": [0, 0, 0, 8], "texture": "#1"},
				"west": {"uv": [5, 0, 13, 16], "texture": "#1"},
				"up": {"uv": [0, 0, 0, 4], "texture": "#1"},
				"down": {"uv": [0, 0, 0, 4], "texture": "#1"}
			}
		},
		{
			"from": [8.6, 2, 9.7],
			"to": [13.6, 12, 9.7],
			"rotation": {"angle": 22.5, "axis": "x", "origin": [16.6, 2, 9.7]},
			"faces": {
				"north": {"uv": [5, 0, 13, 16], "texture": "#1"},
				"east": {"uv": [0, 0, 0, 8], "texture": "#1"},
				"south": {"uv": [13, 0, 5, 16], "texture": "#1"},
				"west": {"uv": [0, 0, 0, 8], "texture": "#1"},
				"up": {"uv": [0, 0, 0, 4], "rotation": 90, "texture": "#1"},
				"down": {"uv": [0, 0, 0, 4], "rotation": 270, "texture": "#1"}
			}
		},
		{
			"from": [2.775, 2, 6.175],
			"to": [7.775, 12, 6.175],
			"rotation": {"angle": -22.5, "axis": "x", "origin": [10.775, 2, 6.175]},
			"faces": {
				"north": {"uv": [5, 0, 13, 16], "texture": "#1"},
				"east": {"uv": [0, 0, 0, 8], "texture": "#1"},
				"south": {"uv": [13, 0, 5, 16], "texture": "#1"},
				"west": {"uv": [0, 0, 0, 8], "texture": "#1"},
				"up": {"uv": [0, 0, 0, 4], "rotation": 90, "texture": "#1"},
				"down": {"uv": [0, 0, 0, 4], "rotation": 270, "texture": "#1"}
			}
		},
		{
			"from": [2.775, 2, 5.875],
			"to": [7.775, 12, 5.875],
			"rotation": {"angle": -22.5, "axis": "x", "origin": [10.775, 2, 5.875]},
			"faces": {
				"north": {"uv": [5, 0, 13, 16], "texture": "#1"},
				"east": {"uv": [0, 0, 0, 8], "texture": "#1"},
				"south": {"uv": [13, 0, 5, 16], "texture": "#1"},
				"west": {"uv": [0, 0, 0, 8], "texture": "#1"},
				"up": {"uv": [0, 0, 0, 4], "rotation": 90, "texture": "#1"},
				"down": {"uv": [0, 0, 0, 4], "rotation": 270, "texture": "#1"}
			}
		},
		{
			"from": [16.8, 2.45, 5.05],
			"to": [16.8, 12.45, 10.05],
			"rotation": {"angle": -45, "axis": "y", "origin": [16.8, 2.45, 2.05]},
			"faces": {
				"north": {"uv": [0, 0, 0, 8], "texture": "#1"},
				"east": {"uv": [13, 0, 5, 16], "texture": "#1"},
				"south": {"uv": [0, 0, 0, 8], "texture": "#1"},
				"west": {"uv": [5, 0, 13, 16], "texture": "#1"},
				"up": {"uv": [0, 0, 0, 4], "texture": "#1"},
				"down": {"uv": [0, 0, 0, 4], "texture": "#1"}
			}
		}
	],
	"display": {
		"thirdperson_righthand": {
			"rotation": [37, 23, 0],
			"translation": [0, 3.25, 1.25],
			"scale": [0.5, 0.5, 0.5]
		},
		"firstperson_righthand": {
			"rotation": [8, 7, 0],
			"translation": [-8.25, 3, -0.25]
		},
		"ground": {
			"translation": [0, 3, 0],
			"scale": [0.7, 0.7, 0.7]
		},
		"gui": {
			"rotation": [25, 129, 0],
			"translation": [0.25, 2.25, 0],
			"scale": [0.9, 0.9, 0.9]
		},
		"head": {
			"translation": [1.75, 5.75, -0.5],
			"scale": [1.6, 1.6, 1.6]
		}
	},
	"groups": [
		{
			"name": "firework_star",
			"origin": [8, 8, 8],
			"color": 0,
			"children": [0, 1, 2, 3, 4, 5, 6, 7, 8, 9, 10, 11, 12, 13, 14, 15, 16, 17]
		}
	]
}