{
	"format_version": "1.21.6",
	"credit": "Made with Blockbench",
	"textures": {
		"0": "block/has/teleporter",
		"particle": "block/teleporter"
	},
	"elements": [
		{
			"from": [4, 0, 4],
			"to": [12, 1.3, 12],
			"rotation": {"angle": 0, "axis": "y", "origin": [7, 0, 7]},
			"faces": {
				"north": {"uv": [8, 0, 16, 1], "texture": "#0"},
				"east": {"uv": [8, 1, 16, 2], "texture": "#0"},
				"south": {"uv": [8, 2, 16, 3], "texture": "#0"},
				"west": {"uv": [8, 3, 16, 4], "texture": "#0"},
				"up": {"uv": [8, 8, 0, 0], "texture": "#0"},
				"down": {"uv": [8, 8, 0, 16], "texture": "#0"}
			}
		},
		{
			"from": [8, 0.7, 7.375],
			"to": [9, 4.625, 8.375],
			"rotation": {"angle": 12.5, "axis": "x", "origin": [7, -0.375, 6.375]},
			"faces": {
				"north": {"uv": [8, 4, 9, 8], "texture": "#0"},
				"east": {"uv": [8, 8, 9, 12], "texture": "#0"},
				"south": {"uv": [9, 4, 10, 8], "texture": "#0"},
				"west": {"uv": [9, 8, 10, 12], "texture": "#0"},
				"up": {"uv": [9, 13, 8, 12], "texture": "#0"},
				"down": {"uv": [13, 8, 12, 9], "texture": "#0"}
			}
		},
		{
			"from": [7.325, 4.375, 7.825],
			"to": [9.575, 6.325, 10.075],
			"rotation": {"angle": 12.5, "axis": "x", "origin": [7.075, 4.375, 7.325]},
			"faces": {
				"north": {"uv": [10, 4, 12, 6], "texture": "#0"},
				"east": {"uv": [10, 6, 12, 8], "texture": "#0"},
				"south": {"uv": [10, 8, 12, 10], "texture": "#0"},
				"west": {"uv": [10, 10, 12, 12], "texture": "#0"},
				"up": {"uv": [14, 6, 12, 4], "texture": "#0"},
				"down": {"uv": [14, 6, 12, 8], "texture": "#0"}
			}
		}
	],
	"display": {
		"thirdperson_righthand": {
			"rotation": [0, 21, 0],
			"translation": [0, 4.25, 0],
			"scale": [0.55, 0.55, 0.55]
		},
		"thirdperson_lefthand": {
			"rotation": [0, 35, 0],
			"translation": [0, 4, 0],
			"scale": [0.55, 0.55, 0.55]
		},
		"firstperson_righthand": {
			"rotation": [0, 20, 0],
			"translation": [1.5, 6, -0.75],
			"scale": [0.78, 0.78, 0.78]
		},
		"firstperson_lefthand": {
			"rotation": [0, 30, 0],
			"translation": [0.75, 6.25, 0],
			"scale": [0.78, 0.78, 0.78]
		},
		"ground": {
			"translation": [0, 5, 0],
			"scale": [0.73, 0.73, 0.73]
		},
		"gui": {
			"rotation": [30, 48, 0],
			"translation": [0, 7.25, 0],
			"scale": [1.49, 1.49, 1.49]
		}
	}
}