{
	"format_version": "1.21.6",
	"credit": "Made with Blockbench",
	"textures": {
		"1": "block/cards",
		"2": "block/cube_cards",
		"particle": "cube_cards"
	},
	"elements": [
		{
			"from": [8, 0, 9],
			"to": [15, 12, 9],
			"rotation": {"angle": -7.5, "axis": "z", "origin": [8, 0, 7]},
			"faces": {
				"north": {"uv": [0, 0, 3.5, 6], "texture": "#1"},
				"east": {"uv": [0, 0, 0, 6], "texture": "#1"},
				"south": {"uv": [3.5, 0, 7, 6], "texture": "#1"},
				"west": {"uv": [0, 0, 0, 6], "texture": "#1"},
				"up": {"uv": [3.5, 0, 0, 0], "texture": "#1"},
				"down": {"uv": [3.5, 0, 0, 0], "texture": "#1"}
			}
		},
		{
			"from": [7, 0, 9.25],
			"to": [14, 12, 9.25],
			"rotation": {"angle": 15, "axis": "z", "origin": [7, 0, 7.25]},
			"faces": {
				"north": {"uv": [0, 6, 3.5, 12], "texture": "#1"},
				"east": {"uv": [0, 0, 0, 6], "texture": "#1"},
				"south": {"uv": [3.5, 6, 7, 12], "texture": "#1"},
				"west": {"uv": [0, 0, 0, 6], "texture": "#1"},
				"up": {"uv": [3.5, 0, 0, 0], "texture": "#1"},
				"down": {"uv": [3.5, 0, 0, 0], "texture": "#1"}
			}
		},
		{
			"from": [-4.75, -1, 9.45],
			"to": [7.25, 6, 9.45],
			"rotation": {"angle": -42.5, "axis": "z", "origin": [7.25, -1, 7.45]},
			"faces": {
				"north": {"uv": [7, 0, 13, 3.5], "texture": "#1"},
				"east": {"uv": [0, 0, 0, 3.5], "texture": "#1"},
				"south": {"uv": [7, 3.5, 13, 7], "texture": "#1"},
				"west": {"uv": [0, 0, 0, 3.5], "texture": "#1"},
				"up": {"uv": [6, 0, 0, 0], "texture": "#1"},
				"down": {"uv": [6, 0, 0, 0], "texture": "#1"}
			}
		},
		{
			"from": [2, 0, 3],
			"to": [5, 3, 6],
			"rotation": {"angle": 0, "axis": "y", "origin": [2, 0, 3]},
			"faces": {
				"north": {"uv": [0, 0, 3, 3], "texture": "#2"},
				"east": {"uv": [0, 3, 3, 6], "texture": "#2"},
				"south": {"uv": [3, 0, 6, 3], "texture": "#2"},
				"west": {"uv": [3, 3, 6, 6], "texture": "#2"},
				"up": {"uv": [3, 9, 0, 6], "texture": "#2"},
				"down": {"uv": [9, 0, 6, 3], "texture": "#2"}
			}
		},
		{
			"from": [7, 0, 3.5],
			"to": [10, 3, 6.5],
			"rotation": {"angle": 22.5, "axis": "y", "origin": [10, 0, 6.5]},
			"faces": {
				"north": {"uv": [0, 3, 3, 6], "rotation": 90, "texture": "#2"},
				"east": {"uv": [9, 0, 6, 3], "texture": "#2"},
				"south": {"uv": [3, 3, 6, 6], "rotation": 270, "texture": "#2"},
				"west": {"uv": [3, 9, 0, 6], "rotation": 180, "texture": "#2"},
				"up": {"uv": [3, 0, 6, 3], "rotation": 270, "texture": "#2"},
				"down": {"uv": [0, 0, 3, 3], "rotation": 270, "texture": "#2"}
			}
		}
	],
	"display": {
		"thirdperson_righthand": {
			"rotation": [0, -180, 23],
			"translation": [0.25, 4.25, 1],
			"scale": [0.56, 0.56, 0.56]
		},
		"firstperson_righthand": {
			"rotation": [0, 175, 0],
			"translation": [6.5, 2.25, -8.5]
		}
	}
}