{
	"format_version": "1.21.6",
	"credit": "Made with Blockbench",
	"textures": {
		"0": "block/clock_defeat",
		"particle": "block/clock_defeat"
	},
	"elements": [
		{
			"from": [2, 2, 8],
			"to": [11, 3, 10],
			"rotation": {"angle": 0, "axis": "y", "origin": [7, 2, 9]},
			"faces": {
				"north": {"uv": [0, 7.5, 4.5, 8], "texture": "#0"},
				"east": {"uv": [7.5, 7, 8.5, 7.5], "texture": "#0"},
				"south": {"uv": [7.5, 4, 12, 4.5], "texture": "#0"},
				"west": {"uv": [8, 3.5, 9, 4], "texture": "#0"},
				"up": {"uv": [8, 1, 3.5, 0], "texture": "#0"},
				"down": {"uv": [8, 1, 3.5, 2], "texture": "#0"}
			}
		},
		{
			"from": [2, 10, 8],
			"to": [11, 11, 10],
			"rotation": {"angle": 0, "axis": "y", "origin": [7, 9, 9]},
			"faces": {
				"north": {"uv": [4.5, 7.5, 9, 8], "texture": "#0"},
				"east": {"uv": [5, 8, 6, 8.5], "texture": "#0"},
				"south": {"uv": [7.5, 4.5, 12, 5], "texture": "#0"},
				"west": {"uv": [8, 5.5, 9, 6], "texture": "#0"},
				"up": {"uv": [8, 3, 3.5, 2], "texture": "#0"},
				"down": {"uv": [8, 3, 3.5, 4], "texture": "#0"}
			}
		},
		{
			"from": [2, 3, 8],
			"to": [3, 10, 10],
			"rotation": {"angle": 0, "axis": "y", "origin": [6, 2, 9]},
			"faces": {
				"north": {"uv": [0, 8, 0.5, 11.5], "texture": "#0"},
				"east": {"uv": [3.5, 4, 4.5, 7.5], "texture": "#0"},
				"south": {"uv": [8, 0, 8.5, 3.5], "texture": "#0"},
				"west": {"uv": [4.5, 4, 5.5, 7.5], "texture": "#0"},
				"up": {"uv": [6.5, 9, 6, 8], "texture": "#0"},
				"down": {"uv": [8.5, 6, 8, 7], "texture": "#0"}
			}
		},
		{
			"from": [10, 3, 8],
			"to": [11, 10, 10],
			"rotation": {"angle": 0, "axis": "y", "origin": [14, 2, 9]},
			"faces": {
				"north": {"uv": [0.5, 8, 1, 11.5], "texture": "#0"},
				"east": {"uv": [5.5, 4, 6.5, 7.5], "texture": "#0"},
				"south": {"uv": [1, 8, 1.5, 11.5], "texture": "#0"},
				"west": {"uv": [6.5, 4, 7.5, 7.5], "texture": "#0"},
				"up": {"uv": [7, 9, 6.5, 8], "texture": "#0"},
				"down": {"uv": [7.5, 8, 7, 9], "texture": "#0"}
			}
		},
		{
			"from": [3, 3, 9],
			"to": [10, 10, 10],
			"rotation": {"angle": 0, "axis": "y", "origin": [14, 2, 9]},
			"faces": {
				"north": {"uv": [0, 0, 3.5, 3.5], "texture": "#0"},
				"east": {"uv": [1.5, 8, 2, 11.5], "texture": "#0"},
				"south": {"uv": [0, 3.5, 3.5, 7], "texture": "#0"},
				"west": {"uv": [2, 8, 2.5, 11.5], "texture": "#0"},
				"up": {"uv": [3.5, 7.5, 0, 7], "texture": "#0"},
				"down": {"uv": [11, 5, 7.5, 5.5], "texture": "#0"}
			}
		},
		{
			"from": [1.75, 6.5, 9],
			"to": [2, 9, 9.75],
			"rotation": {"angle": 0, "axis": "y", "origin": [5, 1, 8.75]},
			"faces": {
				"north": {"uv": [7.5, 5.5, 8, 7], "texture": "#0"},
				"east": {"uv": [3.5, 8, 4, 9.5], "texture": "#0"},
				"south": {"uv": [4, 8, 4.5, 9.5], "texture": "#0"},
				"west": {"uv": [4.5, 8, 5, 9.5], "texture": "#0"},
				"up": {"uv": [8, 8.5, 7.5, 8], "texture": "#0"},
				"down": {"uv": [8.5, 8, 8, 8.5], "texture": "#0"}
			}
		},
		{
			"from": [3, -3, 9],
			"to": [4, 2, 9],
			"rotation": {"angle": 0, "axis": "y", "origin": [2, 0, 7]},
			"faces": {
				"north": {"uv": [2.5, 8, 3, 10.5], "texture": "#0"},
				"east": {"uv": [0, 0, 0, 2.5], "texture": "#0"},
				"south": {"uv": [3, 8, 3.5, 10.5], "texture": "#0"},
				"west": {"uv": [0, 0, 0, 2.5], "texture": "#0"},
				"up": {"uv": [0.5, 0, 0, 0], "texture": "#0"},
				"down": {"uv": [0.5, 0, 0, 0], "texture": "#0"}
			}
		}
	],
	"display": {
		"thirdperson_righthand": {
			"rotation": [77, 0, 0],
			"translation": [0, 1.25, 1],
			"scale": [0.41, 0.41, 0.41]
		},
		"firstperson_righthand": {
			"rotation": [0, 114, 0],
			"translation": [1.75, 4, -2.25],
			"scale": [0.49, 0.49, 0.49]
		}
	},
	"groups": [
		{
			"name": "gold_ingot_hand",
			"origin": [8, 8, 8],
			"color": 0,
			"children": [0, 1, 2, 3, 4, 5, 6]
		}
	]
}