{
	"format_version": "1.21.6",
	"credit": "Made with Blockbench",
	"texture_size": [32, 32],
	"textures": {
		"0": "block/tv_mods",
		"1": "block/tv_up",
		"particle": "block/tv_mods"
	},
	"elements": [
		{
			"from": [1, 0, 2],
			"to": [15, 12, 14],
			"rotation": {"angle": 0, "axis": "y", "origin": [1, 0, 2]},
			"faces": {
				"north": {"uv": [0, 0, 3.5, 3], "texture": "#0"},
				"east": {"uv": [0, 6, 3, 9], "texture": "#0"},
				"south": {"uv": [0, 3, 3.5, 6], "texture": "#0"},
				"west": {"uv": [3, 6, 6, 9], "texture": "#0"},
				"up": {"uv": [7, 3, 3.5, 0], "texture": "#0"},
				"down": {"uv": [7, 3, 3.5, 6], "texture": "#0"}
			}
		},
		{
			"from": [1.75, 3.5, 1.5],
			"to": [2.75, 4.5, 2],
			"rotation": {"angle": 0, "axis": "y", "origin": [1.75, 3.5, 1]},
			"faces": {
				"north": {"uv": [7, 1, 7.25, 1.25], "texture": "#0"},
				"east": {"uv": [7, 1.25, 7.25, 1.5], "texture": "#0"},
				"south": {"uv": [7, 1.5, 7.25, 1.75], "texture": "#0"},
				"west": {"uv": [7, 1.75, 7.25, 2], "texture": "#0"},
				"up": {"uv": [7.25, 2.25, 7, 2], "texture": "#0"},
				"down": {"uv": [7.25, 2.25, 7, 2.5], "texture": "#0"}
			}
		},
		{
			"from": [1.75, 5, 1.5],
			"to": [2.75, 6, 2],
			"rotation": {"angle": 0, "axis": "y", "origin": [1.75, 5, 1]},
			"faces": {
				"north": {"uv": [7, 2.5, 7.25, 2.75], "texture": "#0"},
				"east": {"uv": [7, 2.75, 7.25, 3], "texture": "#0"},
				"south": {"uv": [7, 3, 7.25, 3.25], "texture": "#0"},
				"west": {"uv": [7, 3.25, 7.25, 3.5], "texture": "#0"},
				"up": {"uv": [7.25, 3.75, 7, 3.5], "texture": "#0"},
				"down": {"uv": [7.25, 3.75, 7, 4], "texture": "#0"}
			}
		},
		{
			"from": [1.75, 6.5, 1.5],
			"to": [2.75, 7.5, 2],
			"rotation": {"angle": 0, "axis": "y", "origin": [1.75, 6.5, 1]},
			"faces": {
				"north": {"uv": [7, 4, 7.25, 4.25], "texture": "#0"},
				"east": {"uv": [7, 4.25, 7.25, 4.5], "texture": "#0"},
				"south": {"uv": [7, 4.5, 7.25, 4.75], "texture": "#0"},
				"west": {"uv": [7, 4.75, 7.25, 5], "texture": "#0"},
				"up": {"uv": [7.25, 5.25, 7, 5], "texture": "#0"},
				"down": {"uv": [7.25, 5.25, 7, 5.5], "texture": "#0"}
			}
		},
		{
			"from": [2.225, 1.325, 0.75],
			"to": [2.475, 2.575, 2],
			"rotation": {"angle": 7.5, "axis": "z", "origin": [2.225, 0.325, 1]},
			"faces": {
				"north": {"uv": [6.75, 6.5, 7, 6.75], "texture": "#0"},
				"east": {"uv": [6.75, 6.75, 7, 7], "texture": "#0"},
				"south": {"uv": [7, 0, 7.25, 0.25], "texture": "#0"},
				"west": {"uv": [7, 0.25, 7.25, 0.5], "texture": "#0"},
				"up": {"uv": [7.25, 0.75, 7, 0.5], "texture": "#0"},
				"down": {"uv": [7.25, 0.75, 7, 1], "texture": "#0"}
			}
		},
		{
			"from": [1.375, 0.325, 1],
			"to": [3.375, 2.325, 2],
			"rotation": {"angle": 7.5, "axis": "z", "origin": [1.375, 0.325, 1]},
			"faces": {
				"north": {"uv": [6, 6, 6.5, 6.5], "texture": "#0"},
				"east": {"uv": [6.5, 6, 6.75, 6.5], "texture": "#0"},
				"south": {"uv": [6, 6.5, 6.5, 7], "texture": "#0"},
				"west": {"uv": [6.5, 6.5, 6.75, 7], "texture": "#0"},
				"up": {"uv": [7.25, 6.25, 6.75, 6], "texture": "#0"},
				"down": {"uv": [7.25, 6.25, 6.75, 6.5], "texture": "#0"}
			}
		},
		{
			"from": [0, 12, 8],
			"to": [16, 26, 8],
			"rotation": {"angle": 0, "axis": "y", "origin": [0, 12, 6]},
			"faces": {
				"north": {"uv": [0, 0, 8, 7], "texture": "#1"},
				"east": {"uv": [0, 0, 0, 7], "texture": "#1"},
				"south": {"uv": [0, 7, 8, 14], "texture": "#1"},
				"west": {"uv": [0, 0, 0, 7], "texture": "#1"},
				"up": {"uv": [8, 0, 0, 0], "texture": "#1"},
				"down": {"uv": [8, 0, 0, 0], "texture": "#1"}
			}
		}
	],
	"groups": [
		0,
		1,
		2,
		3,
		{
			"name": "group",
			"origin": [1.5, 0.5, 1],
			"color": 0,
			"children": [4, 5]
		},
		6
	]
}