{
	"format_version": "1.21.6",
	"credit": "Made with Blockbench",
	"texture_size": [128, 128],
	"textures": {
		"0": "block/pole_g",
		"particle": "block/pole_g"
	},
	"elements": [
		{
			"from": [-16, 0.2, -16],
			"to": [32, 0.2, 32],
			"rotation": {"angle": 0, "axis": "y", "origin": [0, 0.2, 0]},
			"faces": {
				"north": {"uv": [0, 0, 6, 0], "texture": "#0"},
				"east": {"uv": [0, 0, 6, 0], "texture": "#0"},
				"south": {"uv": [0, 0, 6, 0], "texture": "#0"},
				"west": {"uv": [0, 0, 6, 0], "texture": "#0"},
				"up": {"uv": [6, 6, 0, 0], "texture": "#0"},
				"down": {"uv": [6, 6, 0, 12], "texture": "#0"}
			}
		}
	]
}