{
	"format_version": "1.21.6",
	"credit": "Made with Blockbench",
	"texture_size": [32, 32],
	"textures": {
		"0": "block/paint_hider",
		"particle": "block/paint_hider"
	},
	"elements": [
		{
			"from": [7.25, 0, 7.25],
			"to": [8.75, 8, 8.75],
			"rotation": {"angle": 0, "axis": "y", "origin": [7, 0, 7]},
			"faces": {
				"north": {"uv": [3, 9, 4, 13], "texture": "#0"},
				"east": {"uv": [4, 9, 5, 13], "texture": "#0"},
				"south": {"uv": [9, 4.5, 10, 8.5], "texture": "#0"},
				"west": {"uv": [5, 9, 6, 13], "texture": "#0"},
				"up": {"uv": [11, 7, 10, 6], "texture": "#0"},
				"down": {"uv": [11, 7, 10, 8], "texture": "#0"}
			}
		},
		{
			"from": [7, 6.1, 9],
			"to": [9, 6.9, 9],
			"rotation": {"angle": 0, "axis": "y", "origin": [7, 0, 7.25]},
			"faces": {
				"north": {"uv": [10, 9, 11, 9.5], "texture": "#0"},
				"east": {"uv": [0, 0, 0, 0.5], "texture": "#0"},
				"south": {"uv": [10, 9.5, 11, 10], "texture": "#0"},
				"west": {"uv": [0, 0, 0, 0.5], "texture": "#0"},
				"up": {"uv": [1, 0, 0, 0], "texture": "#0"},
				"down": {"uv": [1, 0, 0, 0], "texture": "#0"}
			}
		},
		{
			"from": [7, 6.1, 7],
			"to": [9, 6.9, 7],
			"rotation": {"angle": 0, "axis": "y", "origin": [7, 0, 5.25]},
			"faces": {
				"north": {"uv": [10, 10, 11, 10.5], "texture": "#0"},
				"east": {"uv": [0, 0, 0, 0.5], "texture": "#0"},
				"south": {"uv": [6, 10.5, 7, 11], "texture": "#0"},
				"west": {"uv": [0, 0, 0, 0.5], "texture": "#0"},
				"up": {"uv": [1, 0, 0, 0], "texture": "#0"},
				"down": {"uv": [1, 0, 0, 0], "texture": "#0"}
			}
		},
		{
			"from": [9, 6.1, 7],
			"to": [9, 6.9, 9],
			"rotation": {"angle": 0, "axis": "y", "origin": [7.25, 0, 5.25]},
			"faces": {
				"north": {"uv": [0, 0, 0, 0.5], "texture": "#0"},
				"east": {"uv": [7, 10.5, 8, 11], "texture": "#0"},
				"south": {"uv": [0, 0, 0, 0.5], "texture": "#0"},
				"west": {"uv": [8, 10.5, 9, 11], "texture": "#0"},
				"up": {"uv": [0, 1, 0, 0], "texture": "#0"},
				"down": {"uv": [0, 0, 0, 1], "texture": "#0"}
			}
		},
		{
			"from": [7, 6.1, 7],
			"to": [7, 6.9, 9],
			"rotation": {"angle": 0, "axis": "y", "origin": [5.25, 0, 5.25]},
			"faces": {
				"north": {"uv": [0, 0, 0, 0.5], "texture": "#0"},
				"east": {"uv": [10, 10.5, 11, 11], "texture": "#0"},
				"south": {"uv": [0, 0, 0, 0.5], "texture": "#0"},
				"west": {"uv": [11, 0, 12, 0.5], "texture": "#0"},
				"up": {"uv": [0, 1, 0, 0], "texture": "#0"},
				"down": {"uv": [0, 0, 0, 1], "texture": "#0"}
			}
		},
		{
			"from": [5, 8, 6.75],
			"to": [11, 9, 9.25],
			"rotation": {"angle": 0, "axis": "y", "origin": [7, 8, 7]},
			"faces": {
				"north": {"uv": [10, 5.5, 13, 6], "texture": "#0"},
				"east": {"uv": [10, 8, 11.5, 8.5], "texture": "#0"},
				"south": {"uv": [6, 10, 9, 10.5], "texture": "#0"},
				"west": {"uv": [10, 8.5, 11.5, 9], "texture": "#0"},
				"up": {"uv": [9, 8.5, 6, 7], "texture": "#0"},
				"down": {"uv": [9, 8.5, 6, 10], "texture": "#0"}
			}
		},
		{
			"from": [5, 9, 7],
			"to": [11, 16, 9],
			"rotation": {"angle": 0, "axis": "y", "origin": [7, 9, 7]},
			"faces": {
				"north": {"uv": [6, 0, 9, 3.5], "texture": "#0"},
				"east": {"uv": [9, 8.5, 10, 12], "texture": "#0"},
				"south": {"uv": [6, 3.5, 9, 7], "texture": "#0"},
				"west": {"uv": [10, 0, 11, 3.5], "texture": "#0"},
				"up": {"uv": [13, 4.5, 10, 3.5], "texture": "#0"},
				"down": {"uv": [13, 4.5, 10, 5.5], "texture": "#0"}
			}
		},
		{
			"from": [11.15, 9, 6.8],
			"to": [11.15, 18, 9.2],
			"rotation": {"angle": 0, "axis": "y", "origin": [7.15, 9, 7]},
			"faces": {
				"north": {"uv": [0, 0, 0, 4.5], "texture": "#0"},
				"east": {"uv": [0, 9, 1, 13.5], "texture": "#0"},
				"south": {"uv": [0, 0, 0, 4.5], "texture": "#0"},
				"west": {"uv": [1, 9, 0, 13.5], "texture": "#0"},
				"up": {"uv": [0, 1, 0, 0], "texture": "#0"},
				"down": {"uv": [0, 0, 0, 1], "texture": "#0"}
			}
		},
		{
			"from": [4.85, 9, 6.8],
			"to": [4.85, 18, 9.2],
			"rotation": {"angle": 0, "axis": "y", "origin": [0.85, 9, 7]},
			"faces": {
				"north": {"uv": [0, 0, 0, 4.5], "texture": "#0"},
				"east": {"uv": [3, 9, 2, 13.5], "texture": "#0"},
				"south": {"uv": [0, 0, 0, 4.5], "texture": "#0"},
				"west": {"uv": [2, 9, 3, 13.5], "texture": "#0"},
				"up": {"uv": [0, 1, 0, 0], "texture": "#0"},
				"down": {"uv": [0, 0, 0, 1], "texture": "#0"}
			}
		},
		{
			"from": [4.825, 9, 9.2],
			"to": [11.15, 18, 9.2],
			"rotation": {"angle": 0, "axis": "y", "origin": [7, 9, 7.2]},
			"faces": {
				"north": {"uv": [6, 0, 3, 4.5], "texture": "#0"},
				"east": {"uv": [0, 0, 0, 4.5], "texture": "#0"},
				"south": {"uv": [3, 0, 6, 4.5], "texture": "#0"},
				"west": {"uv": [0, 0, 0, 4.5], "texture": "#0"},
				"up": {"uv": [3, 0, 0, 0], "texture": "#0"},
				"down": {"uv": [3, 0, 0, 0], "texture": "#0"}
			}
		},
		{
			"from": [4.825, 9, 6.8],
			"to": [11.15, 18, 6.8],
			"rotation": {"angle": 0, "axis": "y", "origin": [7, 9, 4.8]},
			"faces": {
				"north": {"uv": [0, 4.5, 3, 9], "texture": "#0"},
				"east": {"uv": [0, 0, 0, 4.5], "texture": "#0"},
				"south": {"uv": [3, 4.5, 0, 9], "texture": "#0"},
				"west": {"uv": [0, 0, 0, 4.5], "texture": "#0"},
				"up": {"uv": [3, 0, 0, 0], "texture": "#0"},
				"down": {"uv": [3, 0, 0, 0], "texture": "#0"}
			}
		}
	],
	"display": {
		"thirdperson_righthand": {
			"translation": [0, 2.25, 1.25],
			"scale": [0.55, 0.55, 0.55]
		},
		"firstperson_righthand": {
			"rotation": [13, 6, 0],
			"translation": [3.25, 0.5, -1.5],
			"scale": [0.64, 0.64, 0.64]
		}
	}
}