{
	"format_version": "1.21.6",
	"credit": "Made with Blockbench",
	"textures": {
		"0": "block/candy",
		"particle": "candy"
	},
	"elements": [
		{
			"from": [7.5, 0, 7.5],
			"to": [9, 10, 9],
			"rotation": {"angle": 0, "axis": "z", "origin": [7, 0, 7]},
			"faces": {
				"north": {"uv": [4, 6.5, 5, 11.5], "texture": "#0"},
				"east": {"uv": [5, 6.5, 6, 11.5], "texture": "#0"},
				"south": {"uv": [6, 6.5, 7, 11.5], "texture": "#0"},
				"west": {"uv": [0, 7, 1, 12], "texture": "#0"},
				"up": {"uv": [2, 8, 1, 7], "texture": "#0"},
				"down": {"uv": [3, 7, 2, 8], "texture": "#0"}
			}
		},
		{
			"from": [4.5, 10, 7],
			"to": [12, 17, 9.5],
			"rotation": {"angle": 0, "axis": "y", "origin": [7, 10, 7]},
			"faces": {
				"north": {"uv": [0, 0, 4, 3.5], "texture": "#0"},
				"east": {"uv": [4, 3, 5.5, 6.5], "texture": "#0"},
				"south": {"uv": [0, 3.5, 4, 7], "texture": "#0"},
				"west": {"uv": [5.5, 3, 7, 6.5], "texture": "#0"},
				"up": {"uv": [8, 1.5, 4, 0], "texture": "#0"},
				"down": {"uv": [8, 1.5, 4, 3], "texture": "#0"}
			}
		}
	],
	"display": {
		"thirdperson_righthand": {
			"rotation": [0, 17, 0],
			"translation": [0, 1.75, 1.25],
			"scale": [0.43, 0.43, 0.43]
		},
		"thirdperson_lefthand": {
			"rotation": [1.12, 17.28, -7.44],
			"translation": [0.5, 1.5, 1.25],
			"scale": [0.43, 0.43, 0.43]
		},
		"firstperson_righthand": {
			"rotation": [19, -58, 0],
			"translation": [2.5, 2.5, -2],
			"scale": [0.63, 0.63, 0.63]
		},
		"firstperson_lefthand": {
			"rotation": [19, -58, 0],
			"translation": [3.5, 1.75, -2.5],
			"scale": [0.63, 0.63, 0.63]
		},
		"ground": {
			"rotation": [90, 0, 0],
			"translation": [0, -1, 0],
			"scale": [0.81, 0.81, 0.81]
		},
		"gui": {
			"rotation": [30, -36, 0],
			"translation": [0, -0.5, 0]
		}
	},
	"groups": [
		{
			"name": "red_dye",
			"origin": [8, 8, 8],
			"color": 0,
			"children": [0, 1]
		}
	]
}