{
	"format_version": "1.21.6",
	"credit": "Made with Blockbench",
	"texture_size": [32, 32],
	"textures": {
		"0": "block/gravity_up",
		"particle": "block/gravity_up"
	},
	"elements": [
		{
			"from": [4, 3, 4],
			"to": [11, 10, 11],
			"rotation": {"angle": 0, "axis": "y", "origin": [6, 3, 7]},
			"faces": {
				"north": {"uv": [0, 0, 3.5, 3.5], "texture": "#0"},
				"east": {"uv": [0, 3.5, 3.5, 7], "texture": "#0"},
				"south": {"uv": [3.5, 0, 7, 3.5], "texture": "#0"},
				"west": {"uv": [3.5, 3.5, 7, 7], "texture": "#0"},
				"up": {"uv": [3.5, 10.5, 0, 7], "texture": "#0"},
				"down": {"uv": [10.5, 0, 7, 3.5], "texture": "#0"}
			}
		},
		{
			"from": [9, 8, 3.75],
			"to": [11.25, 10.25, 3.75],
			"rotation": {"angle": 0, "axis": "y", "origin": [6, 3, 6.75]},
			"faces": {
				"north": {"uv": [8.5, 6.5, 9.5, 7.5], "texture": "#0"},
				"east": {"uv": [0, 0, 0, 1], "texture": "#0"},
				"south": {"uv": [7.5, 8.5, 8.5, 9.5], "texture": "#0"},
				"west": {"uv": [0, 0, 0, 1], "texture": "#0"},
				"up": {"uv": [1, 0, 0, 0], "texture": "#0"},
				"down": {"uv": [1, 0, 0, 0], "texture": "#0"}
			}
		},
		{
			"from": [3.75, 8, 3.75],
			"to": [6, 10.25, 3.75],
			"rotation": {"angle": 0, "axis": "y", "origin": [1, 3, 6.75]},
			"faces": {
				"north": {"uv": [8.5, 7.5, 9.5, 8.5], "texture": "#0"},
				"east": {"uv": [0, 0, 0, 1], "texture": "#0"},
				"south": {"uv": [8.5, 8.5, 9.5, 9.5], "texture": "#0"},
				"west": {"uv": [0, 0, 0, 1], "texture": "#0"},
				"up": {"uv": [1, 0, 0, 0], "texture": "#0"},
				"down": {"uv": [1, 0, 0, 0], "texture": "#0"}
			}
		},
		{
			"from": [3.75, 2.75, 3.75],
			"to": [6, 5, 3.75],
			"rotation": {"angle": 0, "axis": "y", "origin": [1, -2, 6.75]},
			"faces": {
				"north": {"uv": [3.5, 9, 4.5, 10], "texture": "#0"},
				"east": {"uv": [0, 0, 0, 1], "texture": "#0"},
				"south": {"uv": [9, 3.5, 10, 4.5], "texture": "#0"},
				"west": {"uv": [0, 0, 0, 1], "texture": "#0"},
				"up": {"uv": [1, 0, 0, 0], "texture": "#0"},
				"down": {"uv": [1, 0, 0, 0], "texture": "#0"}
			}
		},
		{
			"from": [3.75, 8, 11.25],
			"to": [6, 10.25, 11.25],
			"rotation": {"angle": 0, "axis": "y", "origin": [1, 3, 14.25]},
			"faces": {
				"north": {"uv": [10, 5.5, 11, 6.5], "texture": "#0"},
				"east": {"uv": [0, 0, 0, 1], "texture": "#0"},
				"south": {"uv": [6.5, 10, 7.5, 11], "texture": "#0"},
				"west": {"uv": [0, 0, 0, 1], "texture": "#0"},
				"up": {"uv": [1, 0, 0, 0], "texture": "#0"},
				"down": {"uv": [1, 0, 0, 0], "texture": "#0"}
			}
		},
		{
			"from": [9, 8, 11.25],
			"to": [11.25, 10.25, 11.25],
			"rotation": {"angle": 0, "axis": "y", "origin": [6, 3, 14.25]},
			"faces": {
				"north": {"uv": [10, 4.5, 11, 5.5], "texture": "#0"},
				"east": {"uv": [0, 0, 0, 1], "texture": "#0"},
				"south": {"uv": [5.5, 10, 6.5, 11], "texture": "#0"},
				"west": {"uv": [0, 0, 0, 1], "texture": "#0"},
				"up": {"uv": [1, 0, 0, 0], "texture": "#0"},
				"down": {"uv": [1, 0, 0, 0], "texture": "#0"}
			}
		},
		{
			"from": [9, 2.75, 11.25],
			"to": [11.25, 5, 11.25],
			"rotation": {"angle": 0, "axis": "y", "origin": [6, -2, 14.25]},
			"faces": {
				"north": {"uv": [10, 3.5, 11, 4.5], "texture": "#0"},
				"east": {"uv": [0, 0, 0, 1], "texture": "#0"},
				"south": {"uv": [4.5, 10, 5.5, 11], "texture": "#0"},
				"west": {"uv": [0, 0, 0, 1], "texture": "#0"},
				"up": {"uv": [1, 0, 0, 0], "texture": "#0"},
				"down": {"uv": [1, 0, 0, 0], "texture": "#0"}
			}
		},
		{
			"from": [3.75, 2.75, 11.25],
			"to": [6, 5, 11.25],
			"rotation": {"angle": 0, "axis": "y", "origin": [1, -2, 14.25]},
			"faces": {
				"north": {"uv": [9.5, 9.5, 10.5, 10.5], "texture": "#0"},
				"east": {"uv": [0, 0, 0, 1], "texture": "#0"},
				"south": {"uv": [3.5, 10, 4.5, 11], "texture": "#0"},
				"west": {"uv": [0, 0, 0, 1], "texture": "#0"},
				"up": {"uv": [1, 0, 0, 0], "texture": "#0"},
				"down": {"uv": [1, 0, 0, 0], "texture": "#0"}
			}
		},
		{
			"from": [9, 2.75, 3.75],
			"to": [11.25, 5, 3.75],
			"rotation": {"angle": 0, "axis": "y", "origin": [6, -2, 6.75]},
			"faces": {
				"north": {"uv": [4.5, 9, 5.5, 10], "texture": "#0"},
				"east": {"uv": [0, 0, 0, 1], "texture": "#0"},
				"south": {"uv": [9, 4.5, 10, 5.5], "texture": "#0"},
				"west": {"uv": [0, 0, 0, 1], "texture": "#0"},
				"up": {"uv": [1, 0, 0, 0], "texture": "#0"},
				"down": {"uv": [1, 0, 0, 0], "texture": "#0"}
			}
		},
		{
			"from": [11.25, 8, 3.75],
			"to": [11.25, 10.25, 6],
			"rotation": {"angle": 0, "axis": "y", "origin": [6.25, 3, 7]},
			"faces": {
				"north": {"uv": [0, 0, 0, 1], "texture": "#0"},
				"east": {"uv": [7.5, 7.5, 8.5, 8.5], "texture": "#0"},
				"south": {"uv": [0, 0, 0, 1], "texture": "#0"},
				"west": {"uv": [3.5, 8, 4.5, 9], "texture": "#0"},
				"up": {"uv": [0, 1, 0, 0], "texture": "#0"},
				"down": {"uv": [0, 0, 0, 1], "texture": "#0"}
			}
		},
		{
			"from": [11.25, 8, 9],
			"to": [11.25, 10.25, 11.25],
			"rotation": {"angle": 0, "axis": "y", "origin": [6.25, 3, 12]},
			"faces": {
				"north": {"uv": [0, 0, 0, 1], "texture": "#0"},
				"east": {"uv": [8, 3.5, 9, 4.5], "texture": "#0"},
				"south": {"uv": [0, 0, 0, 1], "texture": "#0"},
				"west": {"uv": [4.5, 8, 5.5, 9], "texture": "#0"},
				"up": {"uv": [0, 1, 0, 0], "texture": "#0"},
				"down": {"uv": [0, 0, 0, 1], "texture": "#0"}
			}
		},
		{
			"from": [11.25, 2.75, 9],
			"to": [11.25, 5, 11.25],
			"rotation": {"angle": 0, "axis": "y", "origin": [6.25, -2, 12]},
			"faces": {
				"north": {"uv": [0, 0, 0, 1], "texture": "#0"},
				"east": {"uv": [8, 4.5, 9, 5.5], "texture": "#0"},
				"south": {"uv": [0, 0, 0, 1], "texture": "#0"},
				"west": {"uv": [5.5, 8, 6.5, 9], "texture": "#0"},
				"up": {"uv": [0, 1, 0, 0], "texture": "#0"},
				"down": {"uv": [0, 0, 0, 1], "texture": "#0"}
			}
		},
		{
			"from": [3.75, 8, 9],
			"to": [3.75, 10.25, 11.25],
			"rotation": {"angle": 0, "axis": "y", "origin": [-1.25, 3, 12]},
			"faces": {
				"north": {"uv": [0, 0, 0, 1], "texture": "#0"},
				"east": {"uv": [10.5, 6.5, 11.5, 7.5], "texture": "#0"},
				"south": {"uv": [0, 0, 0, 1], "texture": "#0"},
				"west": {"uv": [7.5, 10.5, 8.5, 11.5], "texture": "#0"},
				"up": {"uv": [0, 1, 0, 0], "texture": "#0"},
				"down": {"uv": [0, 0, 0, 1], "texture": "#0"}
			}
		},
		{
			"from": [3.75, 8, 3.75],
			"to": [3.75, 10.25, 6],
			"rotation": {"angle": 0, "axis": "y", "origin": [-1.25, 3, 7]},
			"faces": {
				"north": {"uv": [0, 0, 0, 1], "texture": "#0"},
				"east": {"uv": [2, 10.5, 3, 11.5], "texture": "#0"},
				"south": {"uv": [0, 0, 0, 1], "texture": "#0"},
				"west": {"uv": [10.5, 2, 11.5, 3], "texture": "#0"},
				"up": {"uv": [0, 1, 0, 0], "texture": "#0"},
				"down": {"uv": [0, 0, 0, 1], "texture": "#0"}
			}
		},
		{
			"from": [3.75, 2.75, 3.75],
			"to": [3.75, 5, 6],
			"rotation": {"angle": 0, "axis": "y", "origin": [-1.25, -2, 7]},
			"faces": {
				"north": {"uv": [0, 0, 0, 1], "texture": "#0"},
				"east": {"uv": [1, 10.5, 2, 11.5], "texture": "#0"},
				"south": {"uv": [0, 0, 0, 1], "texture": "#0"},
				"west": {"uv": [10.5, 1, 11.5, 2], "texture": "#0"},
				"up": {"uv": [0, 1, 0, 0], "texture": "#0"},
				"down": {"uv": [0, 0, 0, 1], "texture": "#0"}
			}
		},
		{
			"from": [3.75, 2.75, 9],
			"to": [3.75, 5, 11.25],
			"rotation": {"angle": 0, "axis": "y", "origin": [-1.25, -2, 12]},
			"faces": {
				"north": {"uv": [0, 0, 0, 1], "texture": "#0"},
				"east": {"uv": [0, 10.5, 1, 11.5], "texture": "#0"},
				"south": {"uv": [0, 0, 0, 1], "texture": "#0"},
				"west": {"uv": [10.5, 0, 11.5, 1], "texture": "#0"},
				"up": {"uv": [0, 1, 0, 0], "texture": "#0"},
				"down": {"uv": [0, 0, 0, 1], "texture": "#0"}
			}
		},
		{
			"from": [11.25, 2.75, 3.75],
			"to": [11.25, 5, 6],
			"rotation": {"angle": 0, "axis": "y", "origin": [6.25, -2, 7]},
			"faces": {
				"north": {"uv": [0, 0, 0, 1], "texture": "#0"},
				"east": {"uv": [8, 5.5, 9, 6.5], "texture": "#0"},
				"south": {"uv": [0, 0, 0, 1], "texture": "#0"},
				"west": {"uv": [6.5, 8, 7.5, 9], "texture": "#0"},
				"up": {"uv": [0, 1, 0, 0], "texture": "#0"},
				"down": {"uv": [0, 0, 0, 1], "texture": "#0"}
			}
		},
		{
			"from": [9, 10.25, 3.75],
			"to": [11.25, 10.25, 6],
			"rotation": {"angle": 0, "axis": "y", "origin": [6, 3.25, 2]},
			"faces": {
				"north": {"uv": [0, 0, 1, 0], "texture": "#0"},
				"east": {"uv": [0, 0, 1, 0], "texture": "#0"},
				"south": {"uv": [0, 0, 1, 0], "texture": "#0"},
				"west": {"uv": [0, 0, 1, 0], "texture": "#0"},
				"up": {"uv": [4.5, 8, 3.5, 7], "texture": "#0"},
				"down": {"uv": [8, 3.5, 7, 4.5], "texture": "#0"}
			}
		},
		{
			"from": [3.75, 10.25, 3.75],
			"to": [6, 10.25, 6],
			"rotation": {"angle": 0, "axis": "y", "origin": [1, 3.25, 2]},
			"faces": {
				"north": {"uv": [0, 0, 1, 0], "texture": "#0"},
				"east": {"uv": [0, 0, 1, 0], "texture": "#0"},
				"south": {"uv": [0, 0, 1, 0], "texture": "#0"},
				"west": {"uv": [0, 0, 1, 0], "texture": "#0"},
				"up": {"uv": [6.5, 8, 5.5, 7], "texture": "#0"},
				"down": {"uv": [8, 5.5, 7, 6.5], "texture": "#0"}
			}
		},
		{
			"from": [7, 2.75, 7],
			"to": [8, 2.75, 8],
			"rotation": {"angle": 0, "axis": "y", "origin": [3, -4.25, 5]},
			"faces": {
				"north": {"uv": [0, 0, 0.5, 0], "texture": "#0"},
				"east": {"uv": [0, 0, 0.5, 0], "texture": "#0"},
				"south": {"uv": [0, 0, 0.5, 0], "texture": "#0"},
				"west": {"uv": [0, 0, 0.5, 0], "texture": "#0"},
				"up": {"uv": [11, 3.5, 10.5, 3], "texture": "#0"},
				"down": {"uv": [11, 7.5, 10.5, 8], "texture": "#0"}
			}
		},
		{
			"from": [3.75, 2.75, 9],
			"to": [6, 2.75, 11.25],
			"rotation": {"angle": 0, "axis": "y", "origin": [1, -4.25, 7]},
			"faces": {
				"north": {"uv": [0, 0, 1, 0], "texture": "#0"},
				"east": {"uv": [0, 0, 1, 0], "texture": "#0"},
				"south": {"uv": [0, 0, 1, 0], "texture": "#0"},
				"west": {"uv": [0, 0, 1, 0], "texture": "#0"},
				"up": {"uv": [9.5, 10.5, 8.5, 9.5], "texture": "#0"},
				"down": {"uv": [10.5, 8.5, 9.5, 9.5], "texture": "#0"}
			}
		},
		{
			"from": [9, 2.75, 9],
			"to": [11.25, 2.75, 11.25],
			"rotation": {"angle": 0, "axis": "y", "origin": [6, -4.25, 7]},
			"faces": {
				"north": {"uv": [0, 0, 1, 0], "texture": "#0"},
				"east": {"uv": [0, 0, 1, 0], "texture": "#0"},
				"south": {"uv": [0, 0, 1, 0], "texture": "#0"},
				"west": {"uv": [0, 0, 1, 0], "texture": "#0"},
				"up": {"uv": [8.5, 10.5, 7.5, 9.5], "texture": "#0"},
				"down": {"uv": [10.5, 7.5, 9.5, 8.5], "texture": "#0"}
			}
		},
		{
			"from": [9, 2.75, 3.75],
			"to": [11.25, 2.75, 6],
			"rotation": {"angle": 0, "axis": "y", "origin": [6, -4.25, 2]},
			"faces": {
				"north": {"uv": [0, 0, 1, 0], "texture": "#0"},
				"east": {"uv": [0, 0, 1, 0], "texture": "#0"},
				"south": {"uv": [0, 0, 1, 0], "texture": "#0"},
				"west": {"uv": [0, 0, 1, 0], "texture": "#0"},
				"up": {"uv": [7.5, 10, 6.5, 9], "texture": "#0"},
				"down": {"uv": [10.5, 6.5, 9.5, 7.5], "texture": "#0"}
			}
		},
		{
			"from": [3.75, 2.75, 3.75],
			"to": [6, 2.75, 6],
			"rotation": {"angle": 0, "axis": "y", "origin": [1, -4.25, 2]},
			"faces": {
				"north": {"uv": [0, 0, 1, 0], "texture": "#0"},
				"east": {"uv": [0, 0, 1, 0], "texture": "#0"},
				"south": {"uv": [0, 0, 1, 0], "texture": "#0"},
				"west": {"uv": [0, 0, 1, 0], "texture": "#0"},
				"up": {"uv": [6.5, 10, 5.5, 9], "texture": "#0"},
				"down": {"uv": [10, 5.5, 9, 6.5], "texture": "#0"}
			}
		},
		{
			"from": [3.75, 10.25, 9],
			"to": [6, 10.25, 11.25],
			"rotation": {"angle": 0, "axis": "y", "origin": [1, 3.25, 7]},
			"faces": {
				"north": {"uv": [0, 0, 1, 0], "texture": "#0"},
				"east": {"uv": [0, 0, 1, 0], "texture": "#0"},
				"south": {"uv": [0, 0, 1, 0], "texture": "#0"},
				"west": {"uv": [0, 0, 1, 0], "texture": "#0"},
				"up": {"uv": [7.5, 8, 6.5, 7], "texture": "#0"},
				"down": {"uv": [8.5, 6.5, 7.5, 7.5], "texture": "#0"}
			}
		},
		{
			"from": [7, 10.25, 7],
			"to": [8, 10.25, 8],
			"rotation": {"angle": 0, "axis": "y", "origin": [3, 3.25, 5]},
			"faces": {
				"north": {"uv": [0, 0, 0.5, 0], "texture": "#0"},
				"east": {"uv": [0, 0, 0.5, 0], "texture": "#0"},
				"south": {"uv": [0, 0, 0.5, 0], "texture": "#0"},
				"west": {"uv": [0, 0, 0.5, 0], "texture": "#0"},
				"up": {"uv": [7.5, 7, 7, 6.5], "texture": "#0"},
				"down": {"uv": [3.5, 10.5, 3, 11], "texture": "#0"}
			}
		},
		{
			"from": [9, 10.25, 9],
			"to": [11.25, 10.25, 11.25],
			"rotation": {"angle": 0, "axis": "y", "origin": [6, 3.25, 7]},
			"faces": {
				"north": {"uv": [0, 0, 1, 0], "texture": "#0"},
				"east": {"uv": [0, 0, 1, 0], "texture": "#0"},
				"south": {"uv": [0, 0, 1, 0], "texture": "#0"},
				"west": {"uv": [0, 0, 1, 0], "texture": "#0"},
				"up": {"uv": [5.5, 8, 4.5, 7], "texture": "#0"},
				"down": {"uv": [8, 4.5, 7, 5.5], "texture": "#0"}
			}
		}
	],
	"display": {
		"thirdperson_righthand": {
			"rotation": [60, 0, 0],
			"translation": [0.25, 0.75, 1],
			"scale": [0.55, 0.55, 0.55]
		},
		"firstperson_righthand": {
			"rotation": [15, 17, 0],
			"translation": [2, 2, -0.25],
			"scale": [0.78, 0.78, 0.78]
		}
	}
}