{
	"format_version": "1.21.6",
	"credit": "Made with Blockbench",
	"textures": {
		"0": "block/has/slime_bomb",
		"1": "block/has/tnt_1",
		"particle": "block/has/slime_bomb"
	},
	"elements": [
		{
			"from": [5, 1, 5],
			"to": [11, 7, 11],
			"rotation": {"angle": 0, "axis": "y", "origin": [7, 0, 7]},
			"faces": {
				"north": {"uv": [2, 8, 3.5, 9.5], "texture": "#0"},
				"east": {"uv": [8, 2, 9.5, 3.5], "texture": "#0"},
				"south": {"uv": [3.5, 8, 5, 9.5], "texture": "#0"},
				"west": {"uv": [8, 3.5, 9.5, 5], "texture": "#0"},
				"up": {"uv": [6.5, 9.5, 5, 8], "texture": "#0"},
				"down": {"uv": [9.5, 5, 8, 6.5], "texture": "#0"}
			}
		},
		{
			"from": [4, 0, 4],
			"to": [12, 8, 12],
			"rotation": {"angle": 0, "axis": "y", "origin": [7, 0, 7]},
			"faces": {
				"north": {"uv": [0, 0, 2, 2], "texture": "#0"},
				"east": {"uv": [0, 2, 2, 4], "texture": "#0"},
				"south": {"uv": [2, 0, 4, 2], "texture": "#0"},
				"west": {"uv": [2, 2, 4, 4], "texture": "#0"},
				"up": {"uv": [2, 6, 0, 4], "texture": "#0"},
				"down": {"uv": [6, 0, 4, 2], "texture": "#0"}
			}
		},
		{
			"from": [6.75, 5.35, 6.825],
			"to": [8, 12.35, 8.075],
			"rotation": {"angle": -33, "axis": "x", "origin": [3, 4.35, 9.575]},
			"faces": {
				"north": {"uv": [6.5, 8, 6.75, 9.75], "texture": "#0"},
				"east": {"uv": [8, 6.5, 8.25, 8.25], "texture": "#0"},
				"south": {"uv": [6.75, 8, 7, 9.75], "texture": "#0"},
				"west": {"uv": [7, 8, 7.25, 9.75], "texture": "#0"},
				"up": {"uv": [7.5, 8.25, 7.25, 8], "texture": "#0"},
				"down": {"uv": [7.75, 8, 7.5, 8.25], "texture": "#0"}
			}
		},
		{
			"from": [7.4, 11.3, 5.975],
			"to": [7.4, 13.625, 8.3],
			"rotation": {"angle": -28, "axis": "x", "origin": [2.65, 3.3, 9.175]},
			"faces": {
				"north": {"uv": [0, 0, 0, 5], "texture": "#1"},
				"east": {"uv": [0, 0, 5, 5], "texture": "#1"},
				"south": {"uv": [0, 0, 0, 5], "texture": "#1"},
				"west": {"uv": [0, 6, 5, 11], "texture": "#1"},
				"up": {"uv": [0, 5, 0, 0], "texture": "#1"},
				"down": {"uv": [0, 0, 0, 5], "texture": "#1"}
			}
		}
	],
	"display": {
		"thirdperson_righthand": {
			"rotation": [0, 35, 0],
			"translation": [0, 2, 0],
			"scale": [0.51, 0.51, 0.51]
		},
		"thirdperson_lefthand": {
			"rotation": [5.72, 36.01, -17.55],
			"translation": [0, 1.25, 0],
			"scale": [0.51, 0.51, 0.51]
		},
		"firstperson_righthand": {
			"rotation": [0, -85, 0],
			"translation": [-0.5, 5, 1],
			"scale": [0.59, 0.59, 0.59]
		},
		"firstperson_lefthand": {
			"rotation": [0, -81, 0],
			"translation": [0, 4.5, 0.75],
			"scale": [0.59, 0.59, 0.59]
		},
		"ground": {
			"translation": [0, 3.25, 0],
			"scale": [0.63, 0.63, 0.63]
		},
		"gui": {
			"rotation": [27, -50, 0],
			"translation": [0, 4, 0],
			"scale": [1.31, 1.31, 1.31]
		}
	},
	"groups": [
		{
			"name": "snowball_hand",
			"origin": [8, 8, 8],
			"color": 0,
			"children": [0, 1, 2, 3]
		}
	]
}