{
	"format_version": "1.21.6",
	"credit": "Made with Blockbench",
	"texture_size": [32, 32],
	"textures": {
		"0": "block/linza",
		"particle": "block/linza"
	},
	"elements": [
		{
			"from": [7, 0, 7],
			"to": [9, 10, 9],
			"rotation": {"angle": 0, "axis": "y", "origin": [7, 0, 7]},
			"faces": {
				"north": {"uv": [4, 0, 5, 5], "texture": "#0"},
				"east": {"uv": [5, 0, 6, 5], "texture": "#0"},
				"south": {"uv": [4, 5, 5, 10], "texture": "#0"},
				"west": {"uv": [5, 5, 6, 10], "texture": "#0"},
				"up": {"uv": [7, 10.5, 6, 9.5], "texture": "#0"},
				"down": {"uv": [10.5, 6, 9.5, 7], "texture": "#0"}
			}
		},
		{
			"from": [6.75, -2.25, 6.75],
			"to": [9.25, 0.25, 9.25],
			"rotation": {"angle": 0, "axis": "y", "origin": [7, -2, 7]},
			"faces": {
				"north": {"uv": [2, 8, 3.5, 9.5], "texture": "#0"},
				"east": {"uv": [6, 8, 7.5, 9.5], "texture": "#0"},
				"south": {"uv": [8, 6, 9.5, 7.5], "texture": "#0"},
				"west": {"uv": [7.5, 8, 9, 9.5], "texture": "#0"},
				"up": {"uv": [10.5, 9, 9, 7.5], "texture": "#0"},
				"down": {"uv": [10.5, 9, 9, 10.5], "texture": "#0"}
			}
		},
		{
			"from": [3, 10, 7],
			"to": [13, 11, 9],
			"rotation": {"angle": 0, "axis": "y", "origin": [7, 0, 7]},
			"faces": {
				"north": {"uv": [8, 4, 13, 4.5], "texture": "#0"},
				"east": {"uv": [8, 7.5, 9, 8], "texture": "#0"},
				"south": {"uv": [8, 4.5, 13, 5], "texture": "#0"},
				"west": {"uv": [7, 9.5, 8, 10], "texture": "#0"},
				"up": {"uv": [11, 1, 6, 0], "texture": "#0"},
				"down": {"uv": [11, 1, 6, 2], "texture": "#0"}
			}
		},
		{
			"from": [3, 19, 7],
			"to": [13, 20, 9],
			"rotation": {"angle": 0, "axis": "y", "origin": [7, 9, 7]},
			"faces": {
				"north": {"uv": [8, 5, 13, 5.5], "texture": "#0"},
				"east": {"uv": [9.5, 7, 10.5, 7.5], "texture": "#0"},
				"south": {"uv": [8, 5.5, 13, 6], "texture": "#0"},
				"west": {"uv": [8, 9.5, 9, 10], "texture": "#0"},
				"up": {"uv": [11, 3, 6, 2], "texture": "#0"},
				"down": {"uv": [11, 3, 6, 4], "texture": "#0"}
			}
		},
		{
			"from": [12, 11, 7],
			"to": [13, 19, 9],
			"rotation": {"angle": 0, "axis": "y", "origin": [7, 8, 7]},
			"faces": {
				"north": {"uv": [3.5, 8, 4, 12], "texture": "#0"},
				"east": {"uv": [6, 4, 7, 8], "texture": "#0"},
				"south": {"uv": [2, 9.5, 2.5, 13.5], "texture": "#0"},
				"west": {"uv": [7, 4, 8, 8], "texture": "#0"},
				"up": {"uv": [4.5, 11, 4, 10], "texture": "#0"},
				"down": {"uv": [5, 10, 4.5, 11], "texture": "#0"}
			}
		},
		{
			"from": [3, 11, 7],
			"to": [4, 19, 9],
			"rotation": {"angle": 0, "axis": "y", "origin": [-2, 8, 7]},
			"faces": {
				"north": {"uv": [2.5, 9.5, 3, 13.5], "texture": "#0"},
				"east": {"uv": [0, 8, 1, 12], "texture": "#0"},
				"south": {"uv": [3, 9.5, 3.5, 13.5], "texture": "#0"},
				"west": {"uv": [1, 8, 2, 12], "texture": "#0"},
				"up": {"uv": [5.5, 11, 5, 10], "texture": "#0"},
				"down": {"uv": [6, 10, 5.5, 11], "texture": "#0"}
			}
		},
		{
			"from": [4, 11, 8],
			"to": [12, 19, 8],
			"rotation": {"angle": 0, "axis": "y", "origin": [7, 11, 8]},
			"faces": {
				"north": {"uv": [4, 4, 0, 8], "texture": "#0"},
				"east": {"uv": [0, 0, 0, 4], "texture": "#0"},
				"south": {"uv": [0, 4, 4, 8], "texture": "#0"},
				"west": {"uv": [0, 0, 0, 4], "texture": "#0"},
				"up": {"uv": [4, 0, 0, 0], "texture": "#0"},
				"down": {"uv": [4, 0, 0, 0], "texture": "#0"}
			}
		}
	],
	"display": {
		"thirdperson_righthand": {
			"translation": [0, 2.25, 1],
			"scale": [0.37, 0.37, 0.37]
		},
		"firstperson_righthand": {
			"rotation": [0, 0, -7.25],
			"translation": [2.75, 0.75, -0.75],
			"scale": [0.55, 0.55, 0.45]
		},
		"ground": {
			"rotation": [90, 0, 0],
			"scale": [0.49, 0.49, 0.49]
		},
		"gui": {
			"rotation": [24, -28, 0],
			"translation": [0, -0.75, 0],
			"scale": [0.71, 0.71, 0.71]
		}
	}
}