{
	"format_version": "1.21.6",
	"credit": "Made with Blockbench",
	"texture_size": [64, 64],
	"textures": {
		"0": "block/lamp",
		"particle": "block/lamp"
	},
	"elements": [
		{
			"from": [6, 0, 6],
			"to": [10, 4, 10],
			"rotation": {"angle": 0, "axis": "y", "origin": [7, 0, 7]},
			"faces": {
				"north": {"uv": [9, 0, 10, 1], "texture": "#0"},
				"east": {"uv": [9, 1, 10, 2], "texture": "#0"},
				"south": {"uv": [9, 2, 10, 3], "texture": "#0"},
				"west": {"uv": [9, 3, 10, 4], "texture": "#0"},
				"up": {"uv": [10, 5, 9, 4], "texture": "#0"},
				"down": {"uv": [10, 5, 9, 6], "texture": "#0"}
			}
		},
		{
			"from": [5.75, 2, 5.75],
			"to": [5.75, 3, 10.25],
			"rotation": {"angle": 0, "axis": "y", "origin": [6.75, -1, 7]},
			"faces": {
				"north": {"uv": [0, 0, 0, 0.25], "texture": "#0"},
				"east": {"uv": [9, 6, 10.25, 6.25], "texture": "#0"},
				"south": {"uv": [0, 0, 0, 0.25], "texture": "#0"},
				"west": {"uv": [9, 6.25, 10.25, 6.5], "texture": "#0"},
				"up": {"uv": [0, 1.25, 0, 0], "texture": "#0"},
				"down": {"uv": [0, 0, 0, 1.25], "texture": "#0"}
			}
		},
		{
			"from": [10.25, 2, 5.75],
			"to": [10.25, 3, 10.25],
			"rotation": {"angle": 0, "axis": "y", "origin": [11.25, -1, 7]},
			"faces": {
				"north": {"uv": [0, 0, 0, 0.25], "texture": "#0"},
				"east": {"uv": [9, 6.5, 10.25, 6.75], "texture": "#0"},
				"south": {"uv": [0, 0, 0, 0.25], "texture": "#0"},
				"west": {"uv": [6.5, 9.25, 7.75, 9.5], "texture": "#0"},
				"up": {"uv": [0, 1.25, 0, 0], "texture": "#0"},
				"down": {"uv": [0, 0, 0, 1.25], "texture": "#0"}
			}
		},
		{
			"from": [5.75, 0, 5.75],
			"to": [10.25, 1, 5.75],
			"rotation": {"angle": 0, "axis": "y", "origin": [11.25, -3, 2.75]},
			"faces": {
				"north": {"uv": [10, 2, 11.25, 2.25], "texture": "#0"},
				"east": {"uv": [0, 0, 0, 0.25], "texture": "#0"},
				"south": {"uv": [10, 2.25, 11.25, 2.5], "texture": "#0"},
				"west": {"uv": [0, 0, 0, 0.25], "texture": "#0"},
				"up": {"uv": [1.25, 0, 0, 0], "texture": "#0"},
				"down": {"uv": [1.25, 0, 0, 0], "texture": "#0"}
			}
		},
		{
			"from": [5.75, 0, 10.25],
			"to": [10.25, 1, 10.25],
			"rotation": {"angle": 0, "axis": "y", "origin": [11.25, -3, 7.25]},
			"faces": {
				"north": {"uv": [10, 1.5, 11.25, 1.75], "texture": "#0"},
				"east": {"uv": [0, 0, 0, 0.25], "texture": "#0"},
				"south": {"uv": [10, 1.75, 11.25, 2], "texture": "#0"},
				"west": {"uv": [0, 0, 0, 0.25], "texture": "#0"},
				"up": {"uv": [1.25, 0, 0, 0], "texture": "#0"},
				"down": {"uv": [1.25, 0, 0, 0], "texture": "#0"}
			}
		},
		{
			"from": [5.75, 0, 5.75],
			"to": [5.75, 1, 10.25],
			"rotation": {"angle": 0, "axis": "y", "origin": [6.75, -3, 7]},
			"faces": {
				"north": {"uv": [0, 0, 0, 0.25], "texture": "#0"},
				"east": {"uv": [10, 1, 11.25, 1.25], "texture": "#0"},
				"south": {"uv": [0, 0, 0, 0.25], "texture": "#0"},
				"west": {"uv": [10, 1.25, 11.25, 1.5], "texture": "#0"},
				"up": {"uv": [0, 1.25, 0, 0], "texture": "#0"},
				"down": {"uv": [0, 0, 0, 1.25], "texture": "#0"}
			}
		},
		{
			"from": [10.25, 0, 5.75],
			"to": [10.25, 1, 10.25],
			"rotation": {"angle": 0, "axis": "y", "origin": [11.25, -3, 7]},
			"faces": {
				"north": {"uv": [0, 0, 0, 0.25], "texture": "#0"},
				"east": {"uv": [10, 0.5, 11.25, 0.75], "texture": "#0"},
				"south": {"uv": [0, 0, 0, 0.25], "texture": "#0"},
				"west": {"uv": [10, 0.75, 11.25, 1], "texture": "#0"},
				"up": {"uv": [0, 1.25, 0, 0], "texture": "#0"},
				"down": {"uv": [0, 0, 0, 1.25], "texture": "#0"}
			}
		},
		{
			"from": [5.75, 2, 10.25],
			"to": [10.25, 3, 10.25],
			"rotation": {"angle": 0, "axis": "y", "origin": [11.25, -1, 7.25]},
			"faces": {
				"north": {"uv": [6.5, 9.5, 7.75, 9.75], "texture": "#0"},
				"east": {"uv": [0, 0, 0, 0.25], "texture": "#0"},
				"south": {"uv": [6.5, 9.75, 7.75, 10], "texture": "#0"},
				"west": {"uv": [0, 0, 0, 0.25], "texture": "#0"},
				"up": {"uv": [1.25, 0, 0, 0], "texture": "#0"},
				"down": {"uv": [1.25, 0, 0, 0], "texture": "#0"}
			}
		},
		{
			"from": [5.75, 2, 5.75],
			"to": [10.25, 3, 5.75],
			"rotation": {"angle": 0, "axis": "y", "origin": [11.25, -1, 2.75]},
			"faces": {
				"north": {"uv": [10, 0, 11.25, 0.25], "texture": "#0"},
				"east": {"uv": [0, 0, 0, 0.25], "texture": "#0"},
				"south": {"uv": [10, 0.25, 11.25, 0.5], "texture": "#0"},
				"west": {"uv": [0, 0, 0, 0.25], "texture": "#0"},
				"up": {"uv": [1.25, 0, 0, 0], "texture": "#0"},
				"down": {"uv": [1.25, 0, 0, 0], "texture": "#0"}
			}
		},
		{
			"from": [4, 4, 4],
			"to": [12, 14, 12],
			"rotation": {"angle": 0, "axis": "y", "origin": [7, 4, 7]},
			"faces": {
				"north": {"uv": [6.75, 6.75, 8.75, 9.25], "texture": "#0"},
				"east": {"uv": [4.5, 7.75, 6.5, 10.25], "texture": "#0"},
				"south": {"uv": [0, 8.25, 2, 10.75], "texture": "#0"},
				"west": {"uv": [2, 8.25, 4, 10.75], "texture": "#0"},
				"up": {"uv": [10.75, 8.75, 8.75, 6.75], "texture": "#0"},
				"down": {"uv": [10.75, 8.75, 8.75, 10.75], "texture": "#0"}
			}
		},
		{
			"from": [3.75, 3.75, 3.75],
			"to": [12.25, 3.75, 12.25],
			"rotation": {"angle": 0, "axis": "y", "origin": [7, 3.75, 7]},
			"faces": {
				"north": {"uv": [0, 0, 2.25, 0], "texture": "#0"},
				"east": {"uv": [0, 0, 2.25, 0], "texture": "#0"},
				"south": {"uv": [0, 0, 2.25, 0], "texture": "#0"},
				"west": {"uv": [0, 0, 2.25, 0], "texture": "#0"},
				"up": {"uv": [9, 4.5, 6.75, 2.25], "texture": "#0"},
				"down": {"uv": [9, 4.5, 6.75, 6.75], "texture": "#0"}
			}
		},
		{
			"from": [3.75, 14.25, 3.75],
			"to": [12.25, 14.25, 12.25],
			"rotation": {"angle": 0, "axis": "y", "origin": [7, 4.25, 7]},
			"faces": {
				"north": {"uv": [0, 0, 2.25, 0], "texture": "#0"},
				"east": {"uv": [0, 0, 2.25, 0], "texture": "#0"},
				"south": {"uv": [0, 0, 2.25, 0], "texture": "#0"},
				"west": {"uv": [0, 0, 2.25, 0], "texture": "#0"},
				"up": {"uv": [6.75, 7.75, 4.5, 5.5], "texture": "#0"},
				"down": {"uv": [9, 0, 6.75, 2.25], "texture": "#0"}
			}
		},
		{
			"from": [12.25, 3.75, 3.75],
			"to": [12.25, 14.25, 12.25],
			"rotation": {"angle": 0, "axis": "y", "origin": [7.25, 4, 7]},
			"faces": {
				"north": {"uv": [0, 0, 0, 2.75], "texture": "#0"},
				"east": {"uv": [0, 5.5, 2.25, 8.25], "texture": "#0"},
				"south": {"uv": [0, 0, 0, 2.75], "texture": "#0"},
				"west": {"uv": [2.25, 5.5, 4.5, 8.25], "texture": "#0"},
				"up": {"uv": [0, 2.25, 0, 0], "texture": "#0"},
				"down": {"uv": [0, 0, 0, 2.25], "texture": "#0"}
			}
		},
		{
			"from": [3.75, 3.75, 3.75],
			"to": [3.75, 14.25, 12.25],
			"rotation": {"angle": 0, "axis": "y", "origin": [6.75, 4, 7]},
			"faces": {
				"north": {"uv": [0, 0, 0, 2.75], "texture": "#0"},
				"east": {"uv": [4.5, 0, 6.75, 2.75], "texture": "#0"},
				"south": {"uv": [0, 0, 0, 2.75], "texture": "#0"},
				"west": {"uv": [4.5, 2.75, 6.75, 5.5], "texture": "#0"},
				"up": {"uv": [0, 2.25, 0, 0], "texture": "#0"},
				"down": {"uv": [0, 0, 0, 2.25], "texture": "#0"}
			}
		},
		{
			"from": [3.75, 3.75, 3.75],
			"to": [12.25, 14.25, 3.75],
			"rotation": {"angle": 0, "axis": "y", "origin": [7, 4, 6.75]},
			"faces": {
				"north": {"uv": [0, 0, 2.25, 2.75], "texture": "#0"},
				"east": {"uv": [0, 0, 0, 2.75], "texture": "#0"},
				"south": {"uv": [2.25, 0, 4.5, 2.75], "texture": "#0"},
				"west": {"uv": [0, 0, 0, 2.75], "texture": "#0"},
				"up": {"uv": [2.25, 0, 0, 0], "texture": "#0"},
				"down": {"uv": [2.25, 0, 0, 0], "texture": "#0"}
			}
		},
		{
			"from": [3.75, 3.75, 12.25],
			"to": [12.25, 14.25, 12.25],
			"rotation": {"angle": 0, "axis": "y", "origin": [7, 4, 15.25]},
			"faces": {
				"north": {"uv": [0, 2.75, 2.25, 5.5], "texture": "#0"},
				"east": {"uv": [0, 0, 0, 2.75], "texture": "#0"},
				"south": {"uv": [2.25, 2.75, 4.5, 5.5], "texture": "#0"},
				"west": {"uv": [0, 0, 0, 2.75], "texture": "#0"},
				"up": {"uv": [2.25, 0, 0, 0], "texture": "#0"},
				"down": {"uv": [2.25, 0, 0, 0], "texture": "#0"}
			}
		}
	],
	"display": {
		"thirdperson_righthand": {
			"translation": [0, 2.25, 1.5],
			"scale": [0.33, 0.33, 0.33]
		},
		"firstperson_righthand": {
			"rotation": [9, 28, 0],
			"translation": [3.25, 2.75, -2.25],
			"scale": [0.42, 0.42, 0.42]
		}
	}
}