{
	"textures": {
		"0": "animated_java:blueprint/blackhole_animation/hole",
		"1": "animated_java:blueprint/blackhole_animation/black",
		"particle": "minecraft:item/pufferfish"
	},
	"display": {
		"head": {
			"rotation": [0, 180, 0]
		}
	},
	"elements": [
		{
			"from": [7.15, 6.95, 7],
			"to": [9.15, 8.95, 9],
			"rotation": {
				"angle": 0,
				"axis": "y",
				"origin": [2.15, 6.95, 4]
			},
			"faces": {
				"north": {
					"uv": [0, 0, 2, 2],
					"texture": "#1"
				},
				"east": {
					"uv": [0, 2, 2, 4],
					"texture": "#1"
				},
				"south": {
					"uv": [2, 0, 4, 2],
					"texture": "#1"
				},
				"west": {
					"uv": [2, 2, 4, 4],
					"texture": "#1"
				},
				"up": {
					"uv": [2, 6, 0, 4],
					"texture": "#1"
				},
				"down": {
					"uv": [6, 0, 4, 2],
					"texture": "#1"
				}
			}
		},
		{
			"from": [7.025, 6.8, 6.9],
			"to": [7.025, 9.1, 9.15],
			"rotation": {
				"angle": 0,
				"axis": "y",
				"origin": [2.025, 6.95, 4]
			},
			"faces": {
				"north": {
					"uv": [0, 0, 0, 3],
					"texture": "#0"
				},
				"east": {
					"uv": [0, 0, 3, 3],
					"texture": "#0"
				},
				"south": {
					"uv": [0, 0, 0, 3],
					"texture": "#0"
				},
				"west": {
					"uv": [3, 0, 6, 3],
					"texture": "#0"
				},
				"up": {
					"uv": [0, 0, 0, 3],
					"texture": "#0"
				},
				"down": {
					"uv": [0, 0, 0, 3],
					"texture": "#0"
				}
			}
		},
		{
			"from": [9.3, 6.8, 6.9],
			"to": [9.3, 9.1, 9.15],
			"rotation": {
				"angle": 0,
				"axis": "y",
				"origin": [2.3, 6.95, 4]
			},
			"faces": {
				"north": {
					"uv": [0, 0, 0, 3],
					"texture": "#0"
				},
				"east": {
					"uv": [3, 0, 6, 3],
					"texture": "#0"
				},
				"south": {
					"uv": [0, 0, 0, 3],
					"texture": "#0"
				},
				"west": {
					"uv": [3, 3, 6, 6],
					"texture": "#0"
				},
				"up": {
					"uv": [0, 3, 0, 0],
					"texture": "#0"
				},
				"down": {
					"uv": [0, 0, 0, 3],
					"texture": "#0"
				}
			}
		},
		{
			"from": [7.025, 9.1, 6.9],
			"to": [9.3, 9.1, 9.15],
			"rotation": {
				"angle": 0,
				"axis": "y",
				"origin": [2.15, 7.1, 4]
			},
			"faces": {
				"north": {
					"uv": [0, 0, 0, 3],
					"texture": "#0"
				},
				"east": {
					"uv": [3, 4, 6, 7],
					"texture": "#0"
				},
				"south": {
					"uv": [0, 0, 0, 3],
					"texture": "#0"
				},
				"west": {
					"uv": [0, 3, 3, 6],
					"texture": "#0"
				},
				"up": {
					"uv": [6, 0, 3, 3],
					"texture": "#0"
				},
				"down": {
					"uv": [0, 0, 3, 3],
					"texture": "#0"
				}
			}
		},
		{
			"from": [7.025, 6.8, 9.15],
			"to": [9.3, 9.1, 9.15],
			"rotation": {
				"angle": 0,
				"axis": "y",
				"origin": [2.15, 6.95, 4.15]
			},
			"faces": {
				"north": {
					"uv": [0, 0, 3, 3],
					"texture": "#0"
				},
				"east": {
					"uv": [0, 3, 3, 6],
					"texture": "#0"
				},
				"south": {
					"uv": [3, 0, 6, 3],
					"texture": "#0"
				},
				"west": {
					"uv": [0, 3, 3, 6],
					"texture": "#0"
				},
				"up": {
					"uv": [0, 0, 0, 3],
					"texture": "#0"
				},
				"down": {
					"uv": [0, 0, 0, 3],
					"texture": "#0"
				}
			}
		},
		{
			"from": [7.025, 6.8, 6.9],
			"to": [9.3, 9.1, 6.9],
			"rotation": {
				"angle": 0,
				"axis": "y",
				"origin": [2.15, 6.95, 3.9]
			},
			"faces": {
				"north": {
					"uv": [3, 0, 6, 3],
					"texture": "#0"
				},
				"east": {
					"uv": [6, 0, 9, 3],
					"texture": "#0"
				},
				"south": {
					"uv": [6, 0, 9, 3],
					"texture": "#0"
				},
				"west": {
					"uv": [0, 3, 3, 6],
					"texture": "#0"
				},
				"up": {
					"uv": [6, 0, 9, 3],
					"texture": "#0"
				},
				"down": {
					"uv": [6, 0, 9, 3],
					"texture": "#0"
				}
			}
		},
		{
			"from": [7.025, 6.8, 6.9],
			"to": [9.3, 6.8, 9.15],
			"rotation": {
				"angle": 0,
				"axis": "y",
				"origin": [2.15, 6.8, 4]
			},
			"faces": {
				"north": {
					"uv": [0, 0, 0, 3],
					"texture": "#0"
				},
				"east": {
					"uv": [0, 0, 3, 3],
					"texture": "#0"
				},
				"south": {
					"uv": [0, 0, 0, 3],
					"texture": "#0"
				},
				"west": {
					"uv": [0, 3, 3, 6],
					"texture": "#0"
				},
				"up": {
					"uv": [3, 3, 6, 6],
					"texture": "#0"
				},
				"down": {
					"uv": [3, 0, 6, 3],
					"texture": "#0"
				}
			}
		}
	]
}