{
	"textures": {
		"2": "animated_java:blueprint/blackhole_animation/line_hole",
		"particle": "minecraft:item/pufferfish"
	},
	"display": {
		"head": {
			"rotation": [0, 180, 0]
		}
	},
	"elements": [
		{
			"from": [19.475, 8, 3.975],
			"to": [19.975, 8, 11.975],
			"rotation": {
				"angle": 0,
				"axis": "y",
				"origin": [19.475, 8, 11.475]
			},
			"faces": {
				"north": {
					"uv": [0, 0, 0.5, 0],
					"texture": "#2"
				},
				"east": {
					"uv": [0, 0, 8, 0],
					"texture": "#2"
				},
				"south": {
					"uv": [0, 0, 0.5, 0],
					"texture": "#2"
				},
				"west": {
					"uv": [0, 0, 8, 0],
					"texture": "#2"
				},
				"up": {
					"uv": [3.5, 12, 3, 4],
					"texture": "#2"
				},
				"down": {
					"uv": [4, 4, 3.5, 12],
					"texture": "#2"
				}
			}
		},
		{
			"from": [3.975, 8, -4.025],
			"to": [11.975, 8, -3.525],
			"rotation": {
				"angle": 0,
				"axis": "y",
				"origin": [3.975, 8, -4.025]
			},
			"faces": {
				"north": {
					"uv": [0, 0, 8, 0],
					"texture": "#2"
				},
				"east": {
					"uv": [0, 0, 0.5, 0],
					"texture": "#2"
				},
				"south": {
					"uv": [0, 0, 8, 0],
					"texture": "#2"
				},
				"west": {
					"uv": [0, 0, 0.5, 0],
					"texture": "#2"
				},
				"up": {
					"uv": [10, 2.5, 2, 2],
					"texture": "#2"
				},
				"down": {
					"uv": [10, 2.5, 2, 3],
					"texture": "#2"
				}
			}
		},
		{
			"from": [15.32241, 8.0125, 7.9658],
			"to": [15.82241, 8.0125, 19.2908],
			"rotation": {
				"angle": 45,
				"axis": "y",
				"origin": [-0.5875, 8.0125, 6.625]
			},
			"faces": {
				"north": {
					"uv": [0, 0, 0.5, 0],
					"texture": "#2"
				},
				"east": {
					"uv": [0, 0, 11.5, 0],
					"texture": "#2"
				},
				"south": {
					"uv": [0, 0, 0.5, 0],
					"texture": "#2"
				},
				"west": {
					"uv": [0, 0, 11.5, 0],
					"texture": "#2"
				},
				"up": {
					"uv": [0.5, 11.5, 0, 0],
					"texture": "#2"
				},
				"down": {
					"uv": [1, 0, 0.5, 11.5],
					"texture": "#2"
				}
			}
		},
		{
			"from": [5.98934, 8.0125, -1.32855],
			"to": [17.32684, 8.0125, -0.82855],
			"rotation": {
				"angle": 45,
				"axis": "y",
				"origin": [7.4, 8.0125, 13.425]
			},
			"faces": {
				"north": {
					"uv": [0, 0, 11.5, 0],
					"texture": "#2"
				},
				"east": {
					"uv": [0, 0, 0.5, 0],
					"texture": "#2"
				},
				"south": {
					"uv": [0, 0, 11.5, 0],
					"texture": "#2"
				},
				"west": {
					"uv": [0, 0, 0.5, 0],
					"texture": "#2"
				},
				"up": {
					"uv": [12.5, 0.5, 1, 0],
					"texture": "#2"
				},
				"down": {
					"uv": [12.5, 0.5, 1, 1],
					"texture": "#2"
				}
			}
		},
		{
			"from": [-4.025, 8, 3.975],
			"to": [-3.525, 8, 11.975],
			"rotation": {
				"angle": 0,
				"axis": "y",
				"origin": [-4.025, 8, 11.475]
			},
			"faces": {
				"north": {
					"uv": [0, 0, 0.5, 0],
					"texture": "#2"
				},
				"east": {
					"uv": [0, 0, 8, 0],
					"texture": "#2"
				},
				"south": {
					"uv": [0, 0, 0.5, 0],
					"texture": "#2"
				},
				"west": {
					"uv": [0, 0, 8, 0],
					"texture": "#2"
				},
				"up": {
					"uv": [2.5, 11, 2, 3],
					"texture": "#2"
				},
				"down": {
					"uv": [3, 3, 2.5, 11],
					"texture": "#2"
				}
			}
		},
		{
			"from": [-3.56739, 8.0125, 4.15146],
			"to": [-3.06739, 8.0125, 15.47646],
			"rotation": {
				"angle": 45,
				"axis": "y",
				"origin": [5.625, 8.0125, 8.6125]
			},
			"faces": {
				"north": {
					"uv": [0, 0, 0.5, 0],
					"texture": "#2"
				},
				"east": {
					"uv": [0, 0, 11.5, 0],
					"texture": "#2"
				},
				"south": {
					"uv": [0, 0, 0.5, 0],
					"texture": "#2"
				},
				"west": {
					"uv": [0, 0, 11.5, 0],
					"texture": "#2"
				},
				"up": {
					"uv": [1.5, 12.5, 1, 1],
					"texture": "#2"
				},
				"down": {
					"uv": [2, 1, 1.5, 12.5],
					"texture": "#2"
				}
			}
		},
		{
			"from": [3.975, 8, 19.475],
			"to": [11.975, 8, 19.975],
			"rotation": {
				"angle": 0,
				"axis": "y",
				"origin": [3.975, 8, 19.475]
			},
			"faces": {
				"north": {
					"uv": [0, 0, 8, 0],
					"texture": "#2"
				},
				"east": {
					"uv": [0, 0, 0.5, 0],
					"texture": "#2"
				},
				"south": {
					"uv": [0, 0, 8, 0],
					"texture": "#2"
				},
				"west": {
					"uv": [0, 0, 0.5, 0],
					"texture": "#2"
				},
				"up": {
					"uv": [11, 3.5, 3, 3],
					"texture": "#2"
				},
				"down": {
					"uv": [11, 3.5, 3, 4],
					"texture": "#2"
				}
			}
		},
		{
			"from": [7.63592, 8.0125, 17.76409],
			"to": [18.97342, 8.0125, 18.26409],
			"rotation": {
				"angle": 45,
				"axis": "y",
				"origin": [11.875, 8.0125, 13.875]
			},
			"faces": {
				"north": {
					"uv": [0, 0, 11.5, 0],
					"texture": "#2"
				},
				"east": {
					"uv": [0, 0, 0.5, 0],
					"texture": "#2"
				},
				"south": {
					"uv": [0, 0, 11.5, 0],
					"texture": "#2"
				},
				"west": {
					"uv": [0, 0, 0.5, 0],
					"texture": "#2"
				},
				"up": {
					"uv": [13.5, 1.5, 2, 1],
					"texture": "#2"
				},
				"down": {
					"uv": [13.5, 1.5, 2, 2],
					"texture": "#2"
				}
			}
		}
	]
}