{
	"textures": {
		"0": "animated_java:blueprint/mata_animation/cold_moon",
		"particle": "minecraft:item/pufferfish"
	},
	"display": {
		"head": {
			"rotation": [0, 180, 0]
		}
	},
	"elements": [
		{
			"from": [1.9, 14.1, 1.9],
			"to": [14.1, 14.1, 14.1],
			"rotation": {
				"angle": 0,
				"axis": "y",
				"origin": [7, 2.1, 7]
			},
			"faces": {
				"north": {
					"uv": [0, 0, 3, 0],
					"texture": "#0"
				},
				"east": {
					"uv": [0, 0, 3, 0],
					"texture": "#0"
				},
				"south": {
					"uv": [0, 0, 3, 0],
					"texture": "#0"
				},
				"west": {
					"uv": [0, 0, 3, 0],
					"texture": "#0"
				},
				"up": {
					"uv": [3, 3, 0, 0],
					"texture": "#0"
				},
				"down": {
					"uv": [3, 3, 0, 6],
					"texture": "#0"
				}
			}
		},
		{
			"from": [2, 2, 2],
			"to": [14, 14, 14],
			"rotation": {
				"angle": 0,
				"axis": "y",
				"origin": [7, 2, 7]
			},
			"faces": {
				"north": {
					"uv": [3, 0, 6, 3],
					"texture": "#0"
				},
				"east": {
					"uv": [3, 3, 6, 6],
					"texture": "#0"
				},
				"south": {
					"uv": [0, 6, 3, 9],
					"texture": "#0"
				},
				"west": {
					"uv": [6, 0, 9, 3],
					"texture": "#0"
				},
				"up": {
					"uv": [6, 9, 3, 6],
					"texture": "#0"
				},
				"down": {
					"uv": [9, 3, 6, 6],
					"texture": "#0"
				}
			}
		},
		{
			"from": [1.9, 1.9, 1.9],
			"to": [14.1, 1.9, 14.1],
			"rotation": {
				"angle": 0,
				"axis": "y",
				"origin": [7, 1.9, 7]
			},
			"faces": {
				"north": {
					"uv": [0, 0, 3, 0],
					"texture": "#0"
				},
				"east": {
					"uv": [0, 0, 3, 0],
					"texture": "#0"
				},
				"south": {
					"uv": [0, 0, 3, 0],
					"texture": "#0"
				},
				"west": {
					"uv": [0, 0, 3, 0],
					"texture": "#0"
				},
				"up": {
					"uv": [3, 15, 0, 12],
					"texture": "#0"
				},
				"down": {
					"uv": [15, 0, 12, 3],
					"texture": "#0"
				}
			}
		},
		{
			"from": [1.9, 1.9, 1.9],
			"to": [1.9, 14.1, 14.1],
			"rotation": {
				"angle": 0,
				"axis": "y",
				"origin": [6.9, 2, 7]
			},
			"faces": {
				"north": {
					"uv": [0, 0, 0, 3],
					"texture": "#0"
				},
				"east": {
					"uv": [9, 6, 12, 9],
					"texture": "#0"
				},
				"south": {
					"uv": [0, 0, 0, 3],
					"texture": "#0"
				},
				"west": {
					"uv": [9, 9, 12, 12],
					"texture": "#0"
				},
				"up": {
					"uv": [0, 3, 0, 0],
					"texture": "#0"
				},
				"down": {
					"uv": [0, 0, 0, 3],
					"texture": "#0"
				}
			}
		},
		{
			"from": [14.1, 1.9, 1.9],
			"to": [14.1, 14.1, 14.1],
			"rotation": {
				"angle": 0,
				"axis": "y",
				"origin": [7.1, 2, 7]
			},
			"faces": {
				"north": {
					"uv": [0, 0, 0, 3],
					"texture": "#0"
				},
				"east": {
					"uv": [9, 3, 12, 6],
					"texture": "#0"
				},
				"south": {
					"uv": [0, 0, 0, 3],
					"texture": "#0"
				},
				"west": {
					"uv": [6, 9, 9, 12],
					"texture": "#0"
				},
				"up": {
					"uv": [0, 3, 0, 0],
					"texture": "#0"
				},
				"down": {
					"uv": [0, 0, 0, 3],
					"texture": "#0"
				}
			}
		},
		{
			"from": [1.9, 1.9, 14.1],
			"to": [14.1, 14.1, 14.1],
			"rotation": {
				"angle": 0,
				"axis": "y",
				"origin": [7, 2, 7.1]
			},
			"faces": {
				"north": {
					"uv": [9, 0, 12, 3],
					"texture": "#0"
				},
				"east": {
					"uv": [0, 0, 0, 3],
					"texture": "#0"
				},
				"south": {
					"uv": [3, 9, 6, 12],
					"texture": "#0"
				},
				"west": {
					"uv": [0, 0, 0, 3],
					"texture": "#0"
				},
				"up": {
					"uv": [3, 0, 0, 0],
					"texture": "#0"
				},
				"down": {
					"uv": [3, 0, 0, 0],
					"texture": "#0"
				}
			}
		},
		{
			"from": [1.9, 1.9, 1.9],
			"to": [14.1, 14.1, 1.9],
			"rotation": {
				"angle": 0,
				"axis": "y",
				"origin": [7, 2, 6.9]
			},
			"faces": {
				"north": {
					"uv": [6, 6, 9, 9],
					"texture": "#0"
				},
				"east": {
					"uv": [0, 0, 0, 3],
					"texture": "#0"
				},
				"south": {
					"uv": [0, 9, 3, 12],
					"texture": "#0"
				},
				"west": {
					"uv": [0, 0, 0, 3],
					"texture": "#0"
				},
				"up": {
					"uv": [3, 0, 0, 0],
					"texture": "#0"
				},
				"down": {
					"uv": [3, 0, 0, 0],
					"texture": "#0"
				}
			}
		}
	]
}