{
	"textures": {
		"0": "animated_java:blueprint/gravity_up_animation/gravity_pole_up",
		"particle": "minecraft:item/pufferfish"
	},
	"display": {
		"head": {
			"rotation": [0, 180, 0]
		}
	},
	"elements": [
		{
			"from": [8.34414, -3.70075, 7.65586],
			"to": [8.34414, 20.29925, 8.37406],
			"rotation": {
				"angle": 0,
				"axis": "y",
				"origin": [8.32918, 8, 8.01496]
			},
			"faces": {
				"north": {
					"uv": [0, 0, 0, 16],
					"texture": "#0"
				},
				"east": {
					"uv": [0, 0, 8, 16],
					"texture": "#0"
				},
				"south": {
					"uv": [0, 0, 0, 16],
					"texture": "#0"
				},
				"west": {
					"uv": [8, 0, 16, 16],
					"texture": "#0"
				},
				"up": {
					"uv": [0, 8, 0, 0],
					"texture": "#0"
				},
				"down": {
					"uv": [0, 0, 0, 8],
					"texture": "#0"
				}
			}
		},
		{
			"from": [7.62594, -3.70075, 7.65586],
			"to": [7.62594, 20.29925, 8.37406],
			"rotation": {
				"angle": 0,
				"axis": "y",
				"origin": [7.61097, 8, 8.01496]
			},
			"faces": {
				"north": {
					"uv": [0, 0, 0, 16],
					"texture": "#0"
				},
				"east": {
					"uv": [0, 0, 8, 16],
					"texture": "#0"
				},
				"south": {
					"uv": [0, 0, 0, 16],
					"texture": "#0"
				},
				"west": {
					"uv": [8, 0, 16, 16],
					"texture": "#0"
				},
				"up": {
					"uv": [0, 8, 0, 0],
					"texture": "#0"
				},
				"down": {
					"uv": [0, 0, 0, 8],
					"texture": "#0"
				}
			}
		},
		{
			"from": [7.62594, -3.70075, 7.65586],
			"to": [8.34414, 20.29925, 7.65586],
			"rotation": {
				"angle": 0,
				"axis": "y",
				"origin": [7.61097, 8, 8.01496]
			},
			"faces": {
				"north": {
					"uv": [0, 0, 8, 16],
					"texture": "#0"
				},
				"east": {
					"uv": [0, 0, 8, 16],
					"texture": "#0"
				},
				"south": {
					"uv": [0, 0, 8, 16],
					"texture": "#0"
				},
				"west": {
					"uv": [8, 0, 16, 16],
					"texture": "#0"
				},
				"up": {
					"uv": [0, 8, 0, 0],
					"texture": "#0"
				},
				"down": {
					"uv": [0, 0, 0, 8],
					"texture": "#0"
				}
			}
		},
		{
			"from": [7.62594, -3.70075, 8.37406],
			"to": [8.34414, 20.29925, 8.37406],
			"rotation": {
				"angle": 0,
				"axis": "y",
				"origin": [7.61097, 8, 8.73317]
			},
			"faces": {
				"north": {
					"uv": [0, 0, 8, 16],
					"texture": "#0"
				},
				"east": {
					"uv": [0, 0, 8, 16],
					"texture": "#0"
				},
				"south": {
					"uv": [0, 0, 8, 16],
					"texture": "#0"
				},
				"west": {
					"uv": [8, 0, 16, 16],
					"texture": "#0"
				},
				"up": {
					"uv": [0, 8, 0, 0],
					"texture": "#0"
				},
				"down": {
					"uv": [0, 0, 0, 8],
					"texture": "#0"
				}
			}
		}
	]
}