{
	"textures": {
		"1": "animated_java:blueprint/cards_animation_krest/cube_card_krest",
		"particle": "minecraft:item/pufferfish"
	},
	"display": {
		"head": {
			"rotation": [0, 180, 0]
		}
	},
	"elements": [
		{
			"from": [3, 8, 1],
			"to": [8, 13, 6],
			"rotation": {
				"angle": 22.5,
				"axis": "y",
				"origin": [8, 8, 8]
			},
			"faces": {
				"north": {
					"uv": [0, 3, 3, 6],
					"rotation": 90,
					"texture": "#1"
				},
				"east": {
					"uv": [9, 0, 6, 3],
					"texture": "#1"
				},
				"south": {
					"uv": [3, 3, 6, 6],
					"rotation": 270,
					"texture": "#1"
				},
				"west": {
					"uv": [3, 9, 0, 6],
					"rotation": 180,
					"texture": "#1"
				},
				"up": {
					"uv": [3, 0, 6, 3],
					"rotation": 270,
					"texture": "#1"
				},
				"down": {
					"uv": [0, 0, 3, 3],
					"rotation": 270,
					"texture": "#1"
				}
			}
		}
	]
}