{
	"textures": {
		"0": "animated_java:blueprint/cards_animation_krest/card_krest",
		"particle": "minecraft:item/pufferfish"
	},
	"display": {
		"head": {
			"rotation": [0, 180, 0]
		}
	},
	"elements": [
		{
			"from": [8, 8, 10],
			"to": [15, 20, 10],
			"rotation": {
				"angle": 22.5,
				"axis": "z",
				"origin": [8, 8, 8]
			},
			"faces": {
				"north": {
					"uv": [7, 0, 13, 3.5],
					"rotation": 270,
					"texture": "#0"
				},
				"east": {
					"uv": [6, 0, 0, 0],
					"rotation": 90,
					"texture": "#0"
				},
				"south": {
					"uv": [7, 3.5, 13, 7],
					"rotation": 90,
					"texture": "#0"
				},
				"west": {
					"uv": [6, 0, 0, 0],
					"rotation": 90,
					"texture": "#0"
				},
				"up": {
					"uv": [0, 0, 0, 3.5],
					"rotation": 90,
					"texture": "#0"
				},
				"down": {
					"uv": [0, 0, 0, 3.5],
					"rotation": 90,
					"texture": "#0"
				}
			}
		}
	]
}