{
	"textures": {
		"0": "animated_java:blueprint/batut_animation/batut",
		"particle": "minecraft:item/pufferfish"
	},
	"display": {
		"head": {
			"rotation": [0, 180, 0]
		}
	},
	"elements": [
		{
			"from": [10, 13.45, 21],
			"to": [28, 15.7, 23],
			"rotation": {
				"angle": 0,
				"axis": "y",
				"origin": [10, 7.7, 14]
			},
			"faces": {
				"north": {
					"uv": [3.5, 3.5, 8, 4],
					"texture": "#0"
				},
				"east": {
					"uv": [3, 9, 3.5, 9.5],
					"texture": "#0"
				},
				"south": {
					"uv": [3.5, 4, 8, 4.5],
					"texture": "#0"
				},
				"west": {
					"uv": [3.5, 9, 4, 9.5],
					"texture": "#0"
				},
				"up": {
					"uv": [8, 5, 3.5, 4.5],
					"texture": "#0"
				},
				"down": {
					"uv": [8, 5, 3.5, 5.5],
					"texture": "#0"
				}
			}
		},
		{
			"from": [10, 13.45, 7],
			"to": [12, 15.7, 21],
			"rotation": {
				"angle": 0,
				"axis": "y",
				"origin": [10, 7.7, 13]
			},
			"faces": {
				"north": {
					"uv": [1, 9, 1.5, 9.5],
					"texture": "#0"
				},
				"east": {
					"uv": [5.25, 2, 8.75, 2.5],
					"texture": "#0"
				},
				"south": {
					"uv": [1.5, 9, 2, 9.5],
					"texture": "#0"
				},
				"west": {
					"uv": [5.25, 2.5, 8.75, 3],
					"texture": "#0"
				},
				"up": {
					"uv": [4, 9, 3.5, 5.5],
					"texture": "#0"
				},
				"down": {
					"uv": [4.5, 5.5, 4, 9],
					"texture": "#0"
				}
			}
		},
		{
			"from": [10, 13.45, 5],
			"to": [28, 15.7, 7],
			"rotation": {
				"angle": 0,
				"axis": "y",
				"origin": [10, 7.7, -2]
			},
			"faces": {
				"north": {
					"uv": [5.25, 0, 9.75, 0.5],
					"texture": "#0"
				},
				"east": {
					"uv": [4, 9, 4.5, 9.5],
					"texture": "#0"
				},
				"south": {
					"uv": [5.25, 0.5, 9.75, 1],
					"texture": "#0"
				},
				"west": {
					"uv": [9, 7.5, 9.5, 8],
					"texture": "#0"
				},
				"up": {
					"uv": [9.75, 1.5, 5.25, 1],
					"texture": "#0"
				},
				"down": {
					"uv": [9.75, 1.5, 5.25, 2],
					"texture": "#0"
				}
			}
		},
		{
			"from": [26, 13.45, 7],
			"to": [28, 15.7, 21],
			"rotation": {
				"angle": 0,
				"axis": "y",
				"origin": [26, 7.7, 13]
			},
			"faces": {
				"north": {
					"uv": [2, 9, 2.5, 9.5],
					"texture": "#0"
				},
				"east": {
					"uv": [5.25, 3, 8.75, 3.5],
					"texture": "#0"
				},
				"south": {
					"uv": [2.5, 9, 3, 9.5],
					"texture": "#0"
				},
				"west": {
					"uv": [4.5, 5.5, 8, 6],
					"texture": "#0"
				},
				"up": {
					"uv": [5, 9.5, 4.5, 6],
					"texture": "#0"
				},
				"down": {
					"uv": [5.5, 6, 5, 9.5],
					"texture": "#0"
				}
			}
		},
		{
			"from": [18, 15, 12],
			"to": [26, 15, 20],
			"rotation": {
				"angle": 0,
				"axis": "y",
				"origin": [12, 8, 14]
			},
			"faces": {
				"north": {
					"uv": [0, 0, 1.75, 0],
					"texture": "#0"
				},
				"east": {
					"uv": [0, 0, 1.75, 0],
					"texture": "#0"
				},
				"south": {
					"uv": [0, 0, 1.75, 0],
					"texture": "#0"
				},
				"west": {
					"uv": [0, 0, 1.75, 0],
					"texture": "#0"
				},
				"up": {
					"uv": [5.25, 1.75, 3.5, 0],
					"texture": "#0"
				},
				"down": {
					"uv": [5.25, 1.75, 3.5, 3.5],
					"texture": "#0"
				}
			}
		},
		{
			"from": [12, 13.95, 7],
			"to": [26, 14.7, 21],
			"rotation": {
				"angle": 0,
				"axis": "y",
				"origin": [10, 7.7, 12]
			},
			"faces": {
				"north": {
					"uv": [8.5, 3.5, 12, 3.75],
					"texture": "#0"
				},
				"east": {
					"uv": [8.5, 3.75, 12, 4],
					"texture": "#0"
				},
				"south": {
					"uv": [8.5, 4, 12, 4.25],
					"texture": "#0"
				},
				"west": {
					"uv": [8.5, 4.25, 12, 4.5],
					"texture": "#0"
				},
				"up": {
					"uv": [3.5, 3.5, 0, 0],
					"texture": "#0"
				},
				"down": {
					"uv": [3.5, 0, 0, 3.5],
					"texture": "#0"
				}
			}
		},
		{
			"from": [12, 15, 17],
			"to": [15, 15, 20],
			"rotation": {
				"angle": 0,
				"axis": "y",
				"origin": [6, 8, 16]
			},
			"faces": {
				"north": {
					"uv": [0, 0, 0.75, 0],
					"texture": "#0"
				},
				"east": {
					"uv": [0, 0, 0.75, 0],
					"texture": "#0"
				},
				"south": {
					"uv": [0, 0, 0.75, 0],
					"texture": "#0"
				},
				"west": {
					"uv": [0, 0, 0.75, 0],
					"texture": "#0"
				},
				"up": {
					"uv": [9.25, 5.25, 8.5, 4.5],
					"texture": "#0"
				},
				"down": {
					"uv": [9.25, 5.25, 8.5, 6],
					"texture": "#0"
				}
			}
		},
		{
			"from": [13, 15, 13],
			"to": [16, 15, 16],
			"rotation": {
				"angle": 0,
				"axis": "y",
				"origin": [7, 8, 12]
			},
			"faces": {
				"north": {
					"uv": [0, 0, 0.75, 0],
					"texture": "#0"
				},
				"east": {
					"uv": [0, 0, 0.75, 0],
					"texture": "#0"
				},
				"south": {
					"uv": [0, 0, 0.75, 0],
					"texture": "#0"
				},
				"west": {
					"uv": [0, 0, 0.75, 0],
					"texture": "#0"
				},
				"up": {
					"uv": [9.25, 6.75, 8.5, 6],
					"texture": "#0"
				},
				"down": {
					"uv": [9.25, 6.75, 8.5, 7.5],
					"texture": "#0"
				}
			}
		},
		{
			"from": [20, 15, 8],
			"to": [23, 15, 11],
			"rotation": {
				"angle": 0,
				"axis": "y",
				"origin": [14, 8, 7]
			},
			"faces": {
				"north": {
					"uv": [0, 0, 0.75, 0],
					"texture": "#0"
				},
				"east": {
					"uv": [0, 0, 0.75, 0],
					"texture": "#0"
				},
				"south": {
					"uv": [0, 0, 0.75, 0],
					"texture": "#0"
				},
				"west": {
					"uv": [0, 0, 0.75, 0],
					"texture": "#0"
				},
				"up": {
					"uv": [9.25, 6.75, 8.5, 6],
					"texture": "#0"
				},
				"down": {
					"uv": [9.25, 6.75, 8.5, 7.5],
					"texture": "#0"
				}
			}
		},
		{
			"from": [14, 15, 7],
			"to": [18, 15, 12],
			"rotation": {
				"angle": 0,
				"axis": "y",
				"origin": [8, 8, 8]
			},
			"faces": {
				"north": {
					"uv": [0, 0, 1, 0],
					"texture": "#0"
				},
				"east": {
					"uv": [0, 0, 1.25, 0],
					"texture": "#0"
				},
				"south": {
					"uv": [0, 0, 1, 0],
					"texture": "#0"
				},
				"west": {
					"uv": [0, 0, 1.25, 0],
					"texture": "#0"
				},
				"up": {
					"uv": [6.5, 7.25, 5.5, 6],
					"texture": "#0"
				},
				"down": {
					"uv": [7.5, 6, 6.5, 7.25],
					"texture": "#0"
				}
			}
		}
	]
}