{
	"textures": {
		"0": "animated_java:blueprint/batut_animation/batut",
		"particle": "minecraft:item/pufferfish"
	},
	"display": {
		"head": {
			"rotation": [0, 180, 0]
		}
	},
	"elements": [
		{
			"from": [8, 8, 8],
			"to": [10, 16, 9.75],
			"rotation": {
				"angle": 22.5,
				"axis": "x",
				"origin": [8, 8, 8]
			},
			"faces": {
				"north": {
					"uv": [6, 7.25, 6.5, 9.25],
					"texture": "#0"
				},
				"east": {
					"uv": [6.5, 7.25, 7, 9.25],
					"texture": "#0"
				},
				"south": {
					"uv": [7, 7.25, 7.5, 9.25],
					"texture": "#0"
				},
				"west": {
					"uv": [7.5, 6, 8, 8],
					"texture": "#0"
				},
				"up": {
					"uv": [9.25, 3, 8.75, 2.5],
					"texture": "#0"
				},
				"down": {
					"uv": [9.25, 3, 8.75, 3.5],
					"texture": "#0"
				}
			}
		}
	]
}