{
	"textures": {
		"0": "animated_java:blueprint/batut_animation/batut",
		"particle": "minecraft:item/pufferfish"
	},
	"display": {
		"head": {
			"rotation": [0, 180, 0]
		}
	},
	"elements": [
		{
			"from": [8, 8, 8],
			"to": [9.75, 16, 10],
			"rotation": {
				"angle": -22.5,
				"axis": "z",
				"origin": [8, 8, 8]
			},
			"faces": {
				"north": {
					"uv": [0, 7, 0.5, 9],
					"texture": "#0"
				},
				"east": {
					"uv": [0.5, 7, 1, 9],
					"texture": "#0"
				},
				"south": {
					"uv": [1, 7, 1.5, 9],
					"texture": "#0"
				},
				"west": {
					"uv": [1.5, 7, 2, 9],
					"texture": "#0"
				},
				"up": {
					"uv": [9, 8, 8.5, 7.5],
					"texture": "#0"
				},
				"down": {
					"uv": [9, 8, 8.5, 8.5],
					"texture": "#0"
				}
			}
		}
	]
}