{
	"textures": {
		"0": "animated_java:blueprint/batut_animation/batut",
		"particle": "minecraft:item/pufferfish"
	},
	"display": {
		"head": {
			"rotation": [0, 180, 0]
		}
	},
	"elements": [
		{
			"from": [8.25, 8, 8],
			"to": [10, 16, 10],
			"rotation": {
				"angle": 22.5,
				"axis": "z",
				"origin": [8, 8, 8]
			},
			"faces": {
				"north": {
					"uv": [2, 7, 2.5, 9],
					"texture": "#0"
				},
				"east": {
					"uv": [2.5, 7, 3, 9],
					"texture": "#0"
				},
				"south": {
					"uv": [3, 7, 3.5, 9],
					"texture": "#0"
				},
				"west": {
					"uv": [5.5, 7.25, 6, 9.25],
					"texture": "#0"
				},
				"up": {
					"uv": [9, 9, 8.5, 8.5],
					"texture": "#0"
				},
				"down": {
					"uv": [9.25, 2, 8.75, 2.5],
					"texture": "#0"
				}
			}
		}
	]
}