{
	"textures": {
		"0": "animated_java:blueprint/batut_animation/batut",
		"particle": "minecraft:item/pufferfish"
	},
	"display": {
		"head": {
			"rotation": [0, 180, 0]
		}
	},
	"elements": [
		{
			"from": [8, 8, 8.25],
			"to": [10, 16, 10],
			"rotation": {
				"angle": -22.5,
				"axis": "x",
				"origin": [8, 8, 8]
			},
			"faces": {
				"north": {
					"uv": [8, 3.5, 8.5, 5.5],
					"texture": "#0"
				},
				"east": {
					"uv": [8, 5.5, 8.5, 7.5],
					"texture": "#0"
				},
				"south": {
					"uv": [7.5, 8, 8, 10],
					"texture": "#0"
				},
				"west": {
					"uv": [8, 7.5, 8.5, 9.5],
					"texture": "#0"
				},
				"up": {
					"uv": [0.5, 9.5, 0, 9],
					"texture": "#0"
				},
				"down": {
					"uv": [1, 9, 0.5, 9.5],
					"texture": "#0"
				}
			}
		}
	]
}